mp4url,status
https://fileimosscdn.lejiaolexue.com/shixun/bae303302d3282f0141406398e21e4cc7e42c45f.mp4,200
https://fileimosscdn.lejiaolexue.com/shixun/a526bc83456411c74ccdbec2242b3e75a9561f0e.mp4,200
https://fileimosscdn.lejiaolexue.com/shixun/7309ec0a89183f79ef3f154991172d168b62662f.mp4,200
https://fileimosscdn.lejiaolexue.com/shixun/e4b7fbdf16722838171e3f102c26872e9a0379cd.mp4,200
https://fileimosscdn.lejiaolexue.com/shixun/526ce4c42037d525c17110237883f6c0d5760ed5.mp4,200
https://fileimosscdn.lejiaolexue.com/shixun/a1f8b6db0529cb6662dc684d55b73f277a67d056.mp4,200
https://fileimosscdn.lejiaolexue.com/shixun/691115fd2c1bd1890b33419fe2377fa41f84f4d3.mp4,200
https://fileimosscdn.lejiaolexue.com/shixun/571563167c1eb1d2dcd44d71b10c64b9a29c01c0.mp4,200
https://fileimosscdn.lejiaolexue.com/shixun/366ec37f73dc9f372e53ece0d6937aab018a8a52.mp4,200
https://fileimosscdn.lejiaolexue.com/shixun/82bfa4b11558d57ef661161f81330f22e56f09ec.mp4,200
https://fileimosscdn.lejiaolexue.com/shixun/707bee778decc2e6b97b29cdda2e590f2e48971d.mp4,200
https://fileimosscdn.lejiaolexue.com/shixun/b6f3b00c597fa68595e8f8e2d2e069a45c05551c.mp4,200
https://fileimosscdn.lejiaolexue.com/shixun/73cc50ab871ff2e4212e7da569f79d7cd6c07f6c.mp4,200
https://fileimosscdn.lejiaolexue.com/shixun/12dd3e00e351551b0b304f258fcb8a4baf11dee5.mp4,200
https://fileimosscdn.lejiaolexue.com/shixun/26f4d32fd1c84129218032b3afb8faa38f767219.mp4,200
https://fileimosscdn.lejiaolexue.com/shixun/ad6cfab29f1f1b1dd9e5aae6e434afa156bb11b9.mp4,200
https://fileimosscdn.lejiaolexue.com/shixun/1c859a25f5e29243b3e84ef2cbdee9beefc65f46.mp4,200
https://fileimosscdn.lejiaolexue.com/shixun/707bee778decc2e6b97b29cdda2e590f2e48971d.mp4,200
https://fileimosscdn.lejiaolexue.com/shixun/707bee778decc2e6b97b29cdda2e590f2e48971d.mp4,200
https://fileimosscdn.lejiaolexue.com/shixun/4159750eaf265ad434290175e4a8a9c06fa16f76.mp4,200
https://fileimosscdn.lejiaolexue.com/shixun/707bee778decc2e6b97b29cdda2e590f2e48971d.mp4,200
https://fileimosscdn.lejiaolexue.com/shixun/bcdb6f9940d79c9414daf768d4b9ff5296e5cf89.mp4,200
https://fileimosscdn.lejiaolexue.com/shixun/2caa2533b622418b5835e4b4b2041b225295337b.mp4,200
https://fileimosscdn.lejiaolexue.com/shixun/707bee778decc2e6b97b29cdda2e590f2e48971d.mp4,200
https://fileimosscdn.lejiaolexue.com/shixun/bbce815876cddea94c7b753dfb2f4e518a969a37.mp4,200
https://fileimosscdn.lejiaolexue.com/shixun/707bee778decc2e6b97b29cdda2e590f2e48971d.mp4,200
https://fileimosscdn.lejiaolexue.com/shixun/1e51c70209510d0b2d6bba8f22d5fe1eb0f1668e.mp4,200
https://fileimosscdn.lejiaolexue.com/shixun/65741033ea74f68eb009797beaa68460e4413502.mp4,200
https://fileimosscdn.lejiaolexue.com/shixun/c45ee90ec95fcd271372786c64196a4640d5ac98.mp4,200
https://fileimosscdn.lejiaolexue.com/shixun/238559dad5f651563ebe890d4a89f3ac50178fc6.mp4,200
https://fileimosscdn.lejiaolexue.com/shixun/dae5fb8d0b7f1f9bace2733f0a17fe9f2fdd7dba.mp4,200
https://fileimosscdn.lejiaolexue.com/shixun/245157271e1cd00635053467584a01de2294fad1.mp4,200
https://fileimosscdn.lejiaolexue.com/shixun/cdb9fdbe94f190892f76011fcd3fbf08a934af31.mp4,200
https://fileimosscdn.lejiaolexue.com/shixun/961b1812568d2f0e56f3f2cfbe29aa99287e34ac.mp4,200
https://fileimosscdn.lejiaolexue.com/shixun/c674a4d169315f738fd2853eb53cceb52e6ced8d.mp4,200
https://fileimosscdn.lejiaolexue.com/shixun/707bee778decc2e6b97b29cdda2e590f2e48971d.MP4,200
https://fileimosscdn.lejiaolexue.com/shixun/8ab3a7d7a0443049d007b4b9e6d028b5e2d971ef.mp4,200
https://fileimosscdn.lejiaolexue.com/shixun/a9563835e6a34d9278a38032d3bd6b6e46d937d8.mp4,200
https://fileimosscdn.lejiaolexue.com/shixun/bca650d1339b9dc1d8169d04d085f3286d4b1489.mp4,200
https://fileimosscdn.lejiaolexue.com/shixun/1bbfc79c9047a7a2b1574f6d237f9912a570b99a.mp4,200
https://fileimosscdn.lejiaolexue.com/shixun/f06ca0fb58da88feaab2f77b5d3aa13319e7a4e5.mp4,200
https://fileimosscdn.lejiaolexue.com/shixun/1d38b1f1818b174b16cdf8be95dcb36ed26f4ca1.mp4,200
https://fileimosscdn.lejiaolexue.com/shixun/a0360d16dab5704f715efe479e600332e7cf5a9f.mp4,200
https://fileimosscdn.lejiaolexue.com/shixun/1a3d162828c38a639b987d648e57ef7f2b28f9dc.mp4,200
https://fileimosscdn.lejiaolexue.com/shixun/43622446836ee7e73cfd5d36f4df959931de5a3b.mp4,200
https://fileimosscdn.lejiaolexue.com/shixun/354fc4a392832fa193fe937ec87cb5edaad5e77c.mp4,200
https://fileimosscdn.lejiaolexue.com/shixun/3701db74e19178b4a5ffdfa0626fb82945974f4e.mp4,200
https://fileimosscdn.lejiaolexue.com/shixun/2f8774ca58aa8a37cf91a6ec98770015e70f64ef.mp4,200
https://fileimosscdn.lejiaolexue.com/shixun/4d31df854af0c78c7c2566193b9accac9e9ce69a.mp4,200
https://fileimosscdn.lejiaolexue.com/shixun/a22d8f4ee5fe6906da5970aeb65296cce9d441f1.mp4,200
https://fileimosscdn.lejiaolexue.com/shixun/e2eb526d87a631f41dff82c8bf8ed9d99d927c25.mp4,200
https://fileimosscdn.lejiaolexue.com/shixun/6837c904f5b97533aa870b46d388aa61b487b7a1.mp4,200
https://fileimosscdn.lejiaolexue.com/shixun/a4ecf53be6575eb4c80ed85c47151944056122fa.mp4,200
https://fileimosscdn.lejiaolexue.com/shixun/e69c3c9c06683d8869630a36578d685cf211da29.mp4,200
https://fileimosscdn.lejiaolexue.com/shixun/febbfb27d9899e2c3a0ac06ebc070b7e53ad82df.mp4,200
https://fileimosscdn.lejiaolexue.com/shixun/2b004016a53f6d7c63798105a666ebe662de1b2d.mp4,200
https://fileimosscdn.lejiaolexue.com/shixun/ec1a7ffeae108efe87fd0d277f4773b73849dfe0.mp4,200
https://fileimosscdn.lejiaolexue.com/shixun/8be86fa37efbd1c42c82ddfb366901781e015602.mp4,200
https://fileimosscdn.lejiaolexue.com/shixun/049d98c7b4ea95047cd7e72628ed9033e7bd18ee.mp4,200
https://fileimosscdn.lejiaolexue.com/shixun/a9cced670faedfc581347b1d994c18f81173af63.mp4,200
https://fileimosscdn.lejiaolexue.com/shixun/08f9761ecbba8e3c1d2b7fa336071c9bb168717c.mp4,200
https://fileimosscdn.lejiaolexue.com/shixun/8645f7a4d335fb6d818f3ce649e9547158b02db8.mp4,200
https://fileimosscdn.lejiaolexue.com/shixun/f411bd250f9a5ccfdd57caf83ab89741848231e1.mp4,200
https://fileimosscdn.lejiaolexue.com/shixun/6af1aa870c015af24a026b8c25a5be597eddef39.mp4,200
https://fileimosscdn.lejiaolexue.com/shixun/e115d33b6dd64e4831a8b5653b3c13f8d6380e99.mp4,200
https://fileimosscdn.lejiaolexue.com/shixun/a24a2bab9139721697573f22affc0aee54403d78.mp4,200
https://fileimosscdn.lejiaolexue.com/shixun/09573df3345bd650634d6fccaabf4d323b1a61ce.mp4,200
https://fileimosscdn.lejiaolexue.com/shixun/afdeae4a9ab78ad767e2d2daf7512f897458088c.mp4,200
https://fileimosscdn.lejiaolexue.com/shixun/8a43b3c276178ff5d75965f09f9e89b5068fcf9c.mp4,200
https://fileimosscdn.lejiaolexue.com/shixun/16fdd9e1927b1b0751c5cf4f583a2d4b30ed8e74.mp4,200
https://fileimosscdn.lejiaolexue.com/shixun/4e20c684bbc8569c5837183e2fbf82428417da6d.mp4,200
https://fileimosscdn.lejiaolexue.com/shixun/c6d6fbaa25330632fd1aa48b9b10af6ce53aaf94.mp4,200
https://fileimosscdn.lejiaolexue.com/shixun/8179b1e56b54b72bf97d516b4108a126fb64d667.mp4,200
https://fileimosscdn.lejiaolexue.com/shixun/4b93e864b4b34df60d23d28309baf950502c0c25.mp4,200
https://fileimosscdn.lejiaolexue.com/shixun/1deab623050601cd287d8836b32184caff6ab37d.mp4,200
https://fileimosscdn.lejiaolexue.com/shixun/882df4a78940edd4423c2421ba06b7af9e1a4d43.mp4,200
https://fileimosscdn.lejiaolexue.com/shixun/72e5636574ca1b91eb747407c70a17f8269e04e6.mp4,200
https://fileimosscdn.lejiaolexue.com/shixun/a9a6ef36013aa6245c707b274389bca9d3749d41.mp4,200
https://fileimosscdn.lejiaolexue.com/shixun/a422c73b32147c1bd72e0e5a5d5e40cbe09a8b35.mp4,200
https://fileimosscdn.lejiaolexue.com/shixun/f6ad7e25e5c99eb2828cac62cadb3ccfa3c3813d.mp4,200
https://fileimosscdn.lejiaolexue.com/shixun/f84b187eaf8d4e06d51ab8e43cae3c68f7882c53.mp4,200
https://fileimosscdn.lejiaolexue.com/shixun/7362f42b311bfc56ae8b56dc3800a79bb00b8ed7.mp4,200
https://fileimosscdn.lejiaolexue.com/shixun/0c386e7d81df49ebc68f470ffb19242c0bb5e07d.mp4,200
https://fileimosscdn.lejiaolexue.com/shixun/87fcacf585a4205fd668a667d69b7ff523bced09.mp4,200
https://fileimosscdn.lejiaolexue.com/shixun/0a20b77b59456e2496e4ad31b0a8b16d8d6710f3.mp4,200
https://fileimosscdn.lejiaolexue.com/shixun/890cc022b8c1d1b7b4e633fd07c2915fbb248363.mp4,200
https://fileimosscdn.lejiaolexue.com/shixun/5530171a641e5e2861ef9d97d0400d9bdac8120d.mp4,200
https://fileimosscdn.lejiaolexue.com/shixun/c88e17503dfd0ec59b12ab45babccfc189aa315a.mp4,200
https://fileimosscdn.lejiaolexue.com/shixun/c82094b55f3639bb2089ed4255a522bd69ce2c27.mp4,200
https://fileimosscdn.lejiaolexue.com/shixun/011e31f17a94ae5d427fa83de6948fbb568c8975.mp4,200
https://fileimosscdn.lejiaolexue.com/shixun/9c0eed1d230ca1afa6a0e05b5037b4692bb65e63.mp4,200
https://fileimosscdn.lejiaolexue.com/shixun/70ba23697169609ca46b3982776d45374ad7a498.mp4,200
https://fileimosscdn.lejiaolexue.com/shixun/6c846142ab2104bcd02e917ab0bc8cc019ed21be.mp4,200
https://fileimosscdn.lejiaolexue.com/shixun/2772dfdb28d404501566b8275673c446869016b2.mp4,200
https://fileimosscdn.lejiaolexue.com/shixun/b690fe1b890b65ac4e712269b3841385e83724d0.mp4,200
https://fileimosscdn.lejiaolexue.com/shixun/fd4912c869baa85d3299625885e97a3aa22dedfc.mp4,200
https://fileimosscdn.lejiaolexue.com/shixun/ef3a91b4ee954365ab20ae4ac96b3de2b751a4d5.mp4,200
https://fileimosscdn.lejiaolexue.com/shixun/c859e50c8a0e16f9f916d4d739361f9ab9934aa9.mp4,200
https://fileimosscdn.lejiaolexue.com/shixun/325aea138d946237296f5ad00bdd1a72c928fff0.mp4,200
https://fileimosscdn.lejiaolexue.com/shixun/0f4fbdc2ba77d2b2f25a5613d282de28933916d6.mp4,200
https://fileimosscdn.lejiaolexue.com/shixun/f881bdd67d2344b041743e7302bf77c6d6a5e424.mp4,200
https://fileimosscdn.lejiaolexue.com/shixun/294f58c2399df3546e1b38c10ab7e5561d9db0c0.mp4,200
https://fileimosscdn.lejiaolexue.com/shixun/db8a6e70f795f97a33bd1880b67641244d833414.mp4,200
https://fileimosscdn.lejiaolexue.com/shixun/faeba831ab864d04723dd0dc1637a017152da6cd.mp4,200
https://fileimosscdn.lejiaolexue.com/shixun/3bb01b3f1a90ad79acd5a2b88ac697ee4cf362aa.mp4,200
https://fileimosscdn.lejiaolexue.com/shixun/ad8dd68254c9dd6cf681a3d1ea7e5680181eccc0.mp4,200
https://fileimosscdn.lejiaolexue.com/shixun/88b3d116eda3748c522bfe53d2d7915854f064cc.mp4,200
https://fileimosscdn.lejiaolexue.com/shixun/b07ad326262f32ec64074400014b198a2a2c3fb5.mp4,200
https://fileimosscdn.lejiaolexue.com/shixun/6ab8bb2b4c8af06ab18223ede73079355b55efa7.mp4,200
https://fileimosscdn.lejiaolexue.com/shixun/f7734c416fb9168827b2f6a6d2d3c396263e0485.mp4,200
https://fileimosscdn.lejiaolexue.com/shixun/1dec71e6e3e41d83eac9ef4e226925a253bba585.mp4,200
https://fileimosscdn.lejiaolexue.com/shixun/64504ed5af9f95853605ac4c9a6b69308c359c72.mp4,200
https://fileimosscdn.lejiaolexue.com/shixun/a7f426e217260751cb86f520411a57f6d0166f31.mp4,200
https://fileimosscdn.lejiaolexue.com/shixun/b11aa6cf5145375ad76fdcf8421e25b1fd03b8ab.mp4,200
https://fileimosscdn.lejiaolexue.com/shixun/3dcd23f1bf4376ee514d626a512f4a8aec952a1f.mp4,200
https://fileimosscdn.lejiaolexue.com/shixun/021bde7575e19149b3f20249d6fd2555c727f589.mp4,200
https://fileimosscdn.lejiaolexue.com/shixun/4cb9dff514424591de7b46efebd37ca97d761b4c.mp4,200
https://fileimosscdn.lejiaolexue.com/shixun/74bd3f186bea221b69ebad91dc7ef4c462a38018.mp4,200
https://fileimosscdn.lejiaolexue.com/shixun/008718d2428c47077fae215f7ab899c10adf0079.mp4,200
https://fileimosscdn.lejiaolexue.com/shixun/70f9b72085997ab8ae08214d08afe6c39bf046ca.mp4,200
https://fileimosscdn.lejiaolexue.com/shixun/6c6832201ea522699041e29defd83f28bfb5af75.mp4,200
https://fileimosscdn.lejiaolexue.com/shixun/e0eb841748aa5d4d12cdcf7fd66e2e5290329f74.mp4,200
https://fileimosscdn.lejiaolexue.com/shixun/1273c999fa58a68adc1ef89bcbe86a6b430bae2c.mp4,200
https://fileimosscdn.lejiaolexue.com/shixun/f20c838e878350a8592633b3882104ac5fefcf1d.mp4,200
https://fileimosscdn.lejiaolexue.com/shixun/a8a3534a8a90d8d43eed258d2f8c044087423602.mp4,200
https://fileimosscdn.lejiaolexue.com/shixun/9e13bf3c051bc9acc3a6e6dd63a12788de67f8e0.mp4,200
https://fileimosscdn.lejiaolexue.com/shixun/5b81099156eeb63d11414ea97512e254a7cee415.mp4,200
https://fileimosscdn.lejiaolexue.com/shixun/714d8efc68791ab069688b1b11ce78acfdb2e3c2.mp4,200
https://fileimosscdn.lejiaolexue.com/shixun/88ad9f8fe74de3525fe42e03fe43f611c825436e.mp4,200
https://fileimosscdn.lejiaolexue.com/shixun/f19e49770d31588c81219aacd70a096281adf166.mp4,200
https://fileimosscdn.lejiaolexue.com/shixun/af0c8211633fa7aab003823bd3afa511215e7d66.mp4,200
https://fileimosscdn.lejiaolexue.com/shixun/53a17a2ab3305753f1fe8c634cff42cf66cfa297.mp4,200
https://fileimosscdn.lejiaolexue.com/shixun/ab74a5b30d8c6ef3ce0786f8038e90601b43c8ec.mp4,200
https://fileimosscdn.lejiaolexue.com/shixun/2d173611f835c72838972a9d4fdae7476bcccf8d.mp4,200
https://fileimosscdn.lejiaolexue.com/shixun/88db7100733705e101d2a8a75e67617aaaa67e0e.mp4,200
https://fileimosscdn.lejiaolexue.com/shixun/56c56a99f20504efdab68e183ee81a2016323a8a.mp4,200
https://fileimosscdn.lejiaolexue.com/shixun/d614aca16ff6292670b21f5ebe6fbef91a54aeff.mp4,200
https://fileimosscdn.lejiaolexue.com/shixun/65871027e85d64aafb7fb6e9ef4dc6eba0918ebc.mp4,200
https://fileimosscdn.lejiaolexue.com/shixun/f27c7ac836e91ead7bbc0c33fedd71f13dbe7842.mp4,200
https://fileimosscdn.lejiaolexue.com/shixun/c5ee3dea8e936fe9be23c06e67e861d301c8cf84.mp4,200
https://fileimosscdn.lejiaolexue.com/shixun/bbea34042535404b449b1095f8a20353d7bc98fa.mp4,200
https://fileimosscdn.lejiaolexue.com/shixun/f52f6fab439f47b1fd4bc246e0bd85956c1cca46.mp4,200
https://fileimosscdn.lejiaolexue.com/shixun/c35fdb5648dae01eb1d8443939af3d3993b46cdb.mp4,200
https://fileimosscdn.lejiaolexue.com/shixun/10c5dce0a8b0981314a418d277dad10aded429d8.mp4,200
https://fileimosscdn.lejiaolexue.com/shixun/e4fd0fc473100658f91455162982dce952da4e19.mp4,200
https://fileimosscdn.lejiaolexue.com/shixun/95e662f713e0a775615d9cfa3846e44278af3d36.mp4,200
https://fileimosscdn.lejiaolexue.com/shixun/f934e5e4ee1b5f2b1d888e29a502a66570145afd.mp4,200
https://fileimosscdn.lejiaolexue.com/shixun/d40d69b19b94d4d407ec3ff85bfeba310da81253.mp4,200
https://fileimosscdn.lejiaolexue.com/shixun/4279c684b62fd6ccc1e648838ca5abd3c170c682.mp4,200
https://fileimosscdn.lejiaolexue.com/shixun/9d4cbc71fd02888a5900293938883af1f8996a39.mp4,200
https://fileimosscdn.lejiaolexue.com/shixun/da0ba618e7b43e3fcebf6b6b1d9ba946a38860fd.mp4,200
https://fileimosscdn.lejiaolexue.com/shixun/bd1c7608360a20ff14b90356e858e25a509a87fa.mp4,200
https://fileimosscdn.lejiaolexue.com/shixun/d287b8b9deb22e542af5fbdc6c472506b830f503.mp4,200
https://fileimosscdn.lejiaolexue.com/shixun/40c1170521ecbd5aab9bff6f95a8abb5bd112b21.mp4,200
https://fileimosscdn.lejiaolexue.com/shixun/ab7f0e593000fc762bce520a8f811b607494638e.mp4,200
https://fileimosscdn.lejiaolexue.com/shixun/6f9aa207e93f46834a9d58b0cd2d892585cbaf71.mp4,200
https://fileimosscdn.lejiaolexue.com/shixun/f7bda24c34307f37e1d3bb45d89199a7e4745044.mp4,200
https://fileimosscdn.lejiaolexue.com/shixun/f2c954da8a041d14a6b5b4dd11612ae2ad933d6a.mp4,200
https://fileimosscdn.lejiaolexue.com/shixun/0f35ca733e379dee6351250327d0a0c7f735ccaa.mp4,200
https://fileimosscdn.lejiaolexue.com/shixun/3609e75fda4abae6adc5e96dc0a3e6aaf9d630fe.mp4,200
https://fileimosscdn.lejiaolexue.com/shixun/f346454c16ab53c9d18d6884ef6c11aef2286d56.mp4,200
https://fileimosscdn.lejiaolexue.com/shixun/a9df601e2f672abe3ea5e185daf3cd8dfa929c41.mp4,200
https://fileimosscdn.lejiaolexue.com/shixun/945b4ea35efd3d72f09e31ca7b3e164834702149.mp4,200
https://fileimosscdn.lejiaolexue.com/shixun/53fa9ba7781d4d95608d1f0327c8bad197bc16a5.mp4,200
https://fileimosscdn.lejiaolexue.com/shixun/f6d93504766754c03a3873ba9c8c111397c42df1.mp4,200
https://fileimosscdn.lejiaolexue.com/shixun/e809227f1cf4188ae83c96202d65ec0e08978fe4.mp4,200
https://fileimosscdn.lejiaolexue.com/shixun/a99216ce32ab20159f5b421bb4d96171a9339a4e.mp4,200
https://fileimosscdn.lejiaolexue.com/shixun/b21a88144263467edc4b9dad8dd1853d5f2922b1.mp4,200
https://fileimosscdn.lejiaolexue.com/shixun/7bd3fac949dbcddbc243762867c0f2ee102a9f43.mp4,200
https://fileimosscdn.lejiaolexue.com/shixun/3aaa7f3eaacb5fc103ed9c3f3272949eee6db280.mp4,200
https://fileimosscdn.lejiaolexue.com/shixun/ec405cf8b55012a739674635e28001620b33dd62.mp4,200
https://fileimosscdn.lejiaolexue.com/shixun/0f24755727825ace44bd6b73447f3b3e86bd66bb.mp4,200
https://fileimosscdn.lejiaolexue.com/shixun/4f341338aa67fce35fd6cd8373efb15fff6fc880.mp4,200
https://fileimosscdn.lejiaolexue.com/shixun/93f89ad12816a921f84f7832321be218b4199f33.mp4,200
https://fileimosscdn.lejiaolexue.com/shixun/853f7ccbd6e54e1df82326b9e3fea07470164ee1.mp4,200
https://fileimosscdn.lejiaolexue.com/shixun/441f882664e4916050c4d36e6b9d209699037fd6.mp4,200
https://fileimosscdn.lejiaolexue.com/shixun/c4dcb9789758ada1aac3165f88bbd4594f346905.mp4,200
https://fileimosscdn.lejiaolexue.com/shixun/df9bd339151d8d00a268ddb862e0346bd4a06edb.mp4,200
https://fileimosscdn.lejiaolexue.com/shixun/7702c75c4fe2862a359677684c60a807c45a2079.mp4,200
https://fileimosscdn.lejiaolexue.com/shixun/190e039b28c6a803a5bcb4f9f81e44d7bb300cba.mp4,200
https://fileimosscdn.lejiaolexue.com/shixun/b4d0f46fb480761bf5bfc233a173a00554794bde.mp4,200
https://fileimosscdn.lejiaolexue.com/shixun/59e1f01b8b31389527200872947f42bd0445c5e4.mp4,200
https://fileimosscdn.lejiaolexue.com/shixun/0798b4c60b24b468bcb0152c7f2e2173909c52bc.mp4,200
https://fileimosscdn.lejiaolexue.com/shixun/189c91bdc20e28ae41fc14c38f0853aa8cc2fda5.mp4,200
https://fileimosscdn.lejiaolexue.com/shixun/053d84915463dfc768d9e1b02ae4ebcca07667a8.mp4,200
https://fileimosscdn.lejiaolexue.com/shixun/caa657d61b690923830afa14432f164e87700a3b.mp4,200
https://fileimosscdn.lejiaolexue.com/shixun/c4d0d10a0cbc3dbf32cf559c47061cb392c43b1c.mp4,200
https://fileimosscdn.lejiaolexue.com/shixun/38bb4bd523152c1dc5d03fce93b419aec0a99b2d.mp4,200
https://fileimosscdn.lejiaolexue.com/shixun/879e333893f70afd70129a8c1321cf2a3827f12a.mp4,200
https://fileimosscdn.lejiaolexue.com/shixun/a504be64fc9ef0a75e59af56e2ed6f18f426f4b0.mp4,200
https://fileimosscdn.lejiaolexue.com/shixun/341a76146dcc04186bf803146ac311f5dd1c334a.mp4,200
https://fileimosscdn.lejiaolexue.com/shixun/32fe70e57a220c2645e80807efb53d6efe6e3445.mp4,200
https://fileimosscdn.lejiaolexue.com/shixun/347699a9c160a6092ed2427ce5a1e02552630119.mp4,200
https://fileimosscdn.lejiaolexue.com/shixun/72978989df3ef7a21cedb5a9d9a1e39bac64a413.mp4,200
https://fileimosscdn.lejiaolexue.com/shixun/e85362d70a8822cd9fc5e87f4412e25ffa7c7519.mp4,200
https://fileimosscdn.lejiaolexue.com/shixun/c8cafc8b7773207cc2d28a65b840acafc533d345.mp4,200
https://fileimosscdn.lejiaolexue.com/shixun/35a150bc751a8ba65bba81524e7e03c8bed0fcb2.mp4,200
https://fileimosscdn.lejiaolexue.com/shixun/45f2ecd313663f6732a9f91b11c6d4fd9f4f8248.mp4,200
https://fileimosscdn.lejiaolexue.com/shixun/5256dfb6e12362d20a894ec12bae5f219aadbd27.mp4,200
https://fileimosscdn.lejiaolexue.com/shixun/f0ff165a37eb93ac377171913274324f9c413487.mp4,200
https://fileimosscdn.lejiaolexue.com/shixun/4d8542e9264fbfbd8d72a9222143719f74fb157e.mp4,200
https://fileimosscdn.lejiaolexue.com/shixun/aa202c61872442fd2f3507fb7783d3bf8ca0aa25.mp4,200
https://fileimosscdn.lejiaolexue.com/shixun/21ffa35be5b364a7d9a6a76cafae033259423925.mp4,200
https://fileimosscdn.lejiaolexue.com/shixun/f78170e4c46194b30027bddfa436829df235f9c2.mp4,200
https://fileimosscdn.lejiaolexue.com/shixun/385580d87ef6d7a7438c71d54087de32efd87631.mp4,200
https://fileimosscdn.lejiaolexue.com/shixun/f1b6c8aa8d624afd2458d0ea4b8521360f49d37b.mp4,200
https://fileimosscdn.lejiaolexue.com/shixun/bdd4eba2063d8d1df2998eec08add94786e2c879.mp4,200
https://fileimosscdn.lejiaolexue.com/shixun/22cd29c627c3c4e0064f026689554e3a26e68295.mp4,200
https://fileimosscdn.lejiaolexue.com/shixun/a92ec21df186a4622a2c16ae2b3d64d43f90ef29.mp4,200
https://fileimosscdn.lejiaolexue.com/shixun/9bb2289c6c1de79c4179116fbc946fac9701605a.mp4,200
https://fileimosscdn.lejiaolexue.com/shixun/8349cdefd0645bf915e1fee73d72caeb54417047.mp4,200
https://fileimosscdn.lejiaolexue.com/shixun/04dd92a775cef81d62f6cb71f1b288c933a7e820.mp4,200
https://fileimosscdn.lejiaolexue.com/shixun/5ee5cbb1190c9dee2c0f788b785dcf1e5d75697d.mp4,200
https://fileimosscdn.lejiaolexue.com/shixun/3910ca11851347087e8ff91b64c401b5ef4e724e.mp4,200
https://fileimosscdn.lejiaolexue.com/shixun/a4c4a2516f6e17d2e3bb5b86ec64a499a49b6369.mp4,200
https://fileimosscdn.lejiaolexue.com/shixun/2f6ca3b6b75df5983d99ff62b95127667d59af79.mp4,200
https://fileimosscdn.lejiaolexue.com/shixun/b6541593cd78fb5955fc7d1fb8333b5c121bdb94.mp4,200
https://fileimosscdn.lejiaolexue.com/shixun/58310d497e9335f58391785485585ee72596fbcb.mp4,200
https://fileimosscdn.lejiaolexue.com/shixun/3b0fa2b4c8cb765451d5a9bad31470e0796c13a5.mp4,200
https://fileimosscdn.lejiaolexue.com/shixun/5d8b6a9a73b3243f1a84c12980eaf65b8a678aa5.mp4,200
https://fileimosscdn.lejiaolexue.com/shixun/f6f4aa632f1cd300ffce8194259be01a10a94db7.mp4,200
https://fileimosscdn.lejiaolexue.com/shixun/8dc2586dea50cb04c5b96ac5a44830ee3d4e3ef4.mp4,200
https://fileimosscdn.lejiaolexue.com/shixun/0eca24b709e4a1c8faf73eea9207b9e1a7e01e89.mp4,200
https://fileimosscdn.lejiaolexue.com/shixun/3b83627f8c40b9f89050113a442801c076c29c53.mp4,200
https://fileimosscdn.lejiaolexue.com/shixun/6fe2d1de5df169daef2c1353efa39e8c094cd542.mp4,200
https://fileimosscdn.lejiaolexue.com/shixun/593478ddead02bedfabdd439090e08d02c2890ba.mp4,200
https://fileimosscdn.lejiaolexue.com/shixun/8e7e0e27027e17c5926cc86d697ddbfdc3da631e.mp4,200
https://fileimosscdn.lejiaolexue.com/shixun/1bdff20cd3a4576c5fc9111ebe5423caff114e80.mp4,200
https://fileimosscdn.lejiaolexue.com/shixun/8853dddd58a5d03f4cfa28d54626b794b23a5e28.mp4,200
https://fileimosscdn.lejiaolexue.com/shixun/5c5dccb09e68ce364ed596fc6cf72e18e650929c.mp4,200
https://fileimosscdn.lejiaolexue.com/shixun/25f1f52852401e2f74874004f62bc0c87f3796d1.mp4,200
https://fileimosscdn.lejiaolexue.com/shixun/2e3c4862813355dd6b74bb96bc21197255e445be.mp4,200
https://fileimosscdn.lejiaolexue.com/shixun/2e577820ef8d04b0cf2658b25064664ef6798033.mp4,200
https://fileimosscdn.lejiaolexue.com/shixun/2fcdbddc9ebae4a119d1f985e4115f669b93c391.mp4,200
https://fileimosscdn.lejiaolexue.com/shixun/f5572de243d1f1ea5d588ff1dadb736ca5adcbc3.mp4,200
https://fileimosscdn.lejiaolexue.com/shixun/d25c248747068644f065b671b840b6dc1674075c.mp4,200
https://fileimosscdn.lejiaolexue.com/shixun/e06ed58f37c80b0803209f18ff389be95bcc8237.mp4,200
https://fileimosscdn.lejiaolexue.com/shixun/f9c33da4562ace3333e4b08d39871ac81833b2e4.mp4,200
https://fileimosscdn.lejiaolexue.com/shixun/6d0a605560ade1d0254f08d28b2c43fc53feb766.mp4,200
https://fileimosscdn.lejiaolexue.com/shixun/a7a9d5c048350f61911d8d6686fcb3ff6023ebce.mp4,200
https://fileimosscdn.lejiaolexue.com/shixun/c684ccd9c334c6b25b2ed2aa3d6a0ca592e2ac0c.mp4,200
https://fileimosscdn.lejiaolexue.com/shixun/6d10056ef7e87f24c51b1d6e2179cab0f8d82253.mp4,200
https://fileimosscdn.lejiaolexue.com/shixun/0716acc871e27928b3ec36f1152bb39715a174ab.mp4,200
https://fileimosscdn.lejiaolexue.com/shixun/aa54979f8a708c552926370d84c356c4c49bc996.mp4,200
https://fileimosscdn.lejiaolexue.com/shixun/78d60205cefdd2f95d4956bf862e2eda261c043d.mp4,200
https://fileimosscdn.lejiaolexue.com/shixun/12647c8997c9286a1ab8f6c7d7ac7e3db646de1b.mp4,200
https://fileimosscdn.lejiaolexue.com/shixun/da28e6300858cb4ef8c7dd79cb4906bcedac13bb.mp4,200
https://fileimosscdn.lejiaolexue.com/shixun/b1f87c95367c4d78ca4424970353b2fda30017c0.mp4,200
https://fileimosscdn.lejiaolexue.com/shixun/568de2c47c10c8bc834c2b5e4edead79b7f8490a.mp4,200
https://fileimosscdn.lejiaolexue.com/shixun/7bfb9cdfb7926fa62d3496c56df80e32ede2c6da.mp4,200
https://fileimosscdn.lejiaolexue.com/shixun/215e32873e9aefb10b6a64238652c406e3352a2f.mp4,200
https://fileimosscdn.lejiaolexue.com/shixun/c3c3d6b716b58bd091902adf99e5eda5fea209d2.mp4,200
https://fileimosscdn.lejiaolexue.com/shixun/7128a3941ec3e0e0846e02f891dc3dc4a189485b.mp4,200
https://fileimosscdn.lejiaolexue.com/shixun/64140ff021cf5b61c1badc2760da76390b0e44c6.mp4,200
https://fileimosscdn.lejiaolexue.com/shixun/4ba811c016fba3588d12fc943dcd326d6d49c2af.mp4,200
https://fileimosscdn.lejiaolexue.com/shixun/abb75f2a05741fb11fac93be3b3d9ba97df0efd6.mp4,200
https://fileimosscdn.lejiaolexue.com/shixun/66d558c7f87f7a71105cd143eabd6544844cfdbe.mp4,200
https://fileimosscdn.lejiaolexue.com/shixun/f1caa3fa6c64741bfcbd0bb04061bb90b99774da.mp4,200
https://fileimosscdn.lejiaolexue.com/shixun/b4c0add49ccdf9c149459dae4f9933b92d0a3810.mp4,200
https://fileimosscdn.lejiaolexue.com/shixun/f9e1e939a350f0f0d4088bb8a9d3631efcc144b2.mp4,200
https://fileimosscdn.lejiaolexue.com/shixun/a0c0d2da1db7ef72a4a6db68ce7188cf2ca6130c.mp4,200
https://fileimosscdn.lejiaolexue.com/shixun/63a7184caef632ddcdf94a5c79d39ba5de67b443.mp4,200
https://fileimosscdn.lejiaolexue.com/shixun/28c6b862199a55bd490cbe4cdd38502b240aa5c8.mp4,200
https://fileimosscdn.lejiaolexue.com/shixun/81ab548c768fa76d44c105cc2e8fef2e0682234c.mp4,200
https://fileimosscdn.lejiaolexue.com/shixun/cb8c5159ee481893c942dd698dc1d73b4e559f5f.mp4,200
https://fileimosscdn.lejiaolexue.com/shixun/0bcb2ae7211be7d4d5991d32734b1cec3ffb01fb.mp4,200
https://fileimosscdn.lejiaolexue.com/shixun/b20cfc850f06b01024f9b35e1659354feb9dfe2a.mp4,200
https://fileimosscdn.lejiaolexue.com/shixun/88fc2660099981906d9e9fe6f09b51ed324eeeac.mp4,200
https://fileimosscdn.lejiaolexue.com/shixun/3a50821aede9053baf92c522136515a4a23dc066.mp4,200
https://fileimosscdn.lejiaolexue.com/shixun/61ccf7df0fe351be624c984f9d38b677f902a99e.mp4,200
https://fileimosscdn.lejiaolexue.com/shixun/ccdbe4fb33350e09679a1112c29e4f642453b9ff.mp4,200
https://fileimosscdn.lejiaolexue.com/shixun/c8b718571cc7bf9d71390d72ce28804b653a7b1d.mp4,200
https://fileimosscdn.lejiaolexue.com/shixun/f5cb72552aab2890ac4328734ed953153dc0e1f6.mp4,200
https://fileimosscdn.lejiaolexue.com/shixun/afd5a21f23a8c3149af93f773643bf777788eab1.mp4,200
https://fileimosscdn.lejiaolexue.com/shixun/dfeb52ca65396b5ff9bfbc9f665aa85c69a4ce56.mp4,200
https://fileimosscdn.lejiaolexue.com/shixun/f33940fb1741f5c04d2f62ef280c6e083787bfb5.mp4,200
https://fileimosscdn.lejiaolexue.com/shixun/4aaa92fd4ae311ced1fe4a543643b1468b30ed2f.mp4,200
https://fileimosscdn.lejiaolexue.com/shixun/edb5af81ae1277d3366cc226e193a7e63e179b7d.mp4,200
https://fileimosscdn.lejiaolexue.com/shixun/b5e0053d1c4e8b81b8eaf15923d0100fafd5d3fc.mp4,200
https://fileimosscdn.lejiaolexue.com/shixun/279d22120cafc77e21b6aa5105957ce6ce4fde87.mp4,200
https://fileimosscdn.lejiaolexue.com/shixun/9ffd0ec33ddbc1613579d43e3c1145c12d69f011.mp4,200
https://fileimosscdn.lejiaolexue.com/shixun/a9705263ed8cd81bdff88fa2ad48e4653a99fa69.mp4,200
https://fileimosscdn.lejiaolexue.com/shixun/c1df663de24faaf77de7c168f6063881ab2b0634.mp4,200
https://fileimosscdn.lejiaolexue.com/shixun/b21aa082a6e76fdf4e6c82c758eba4e8b28b7f2c.mp4,200
https://fileimosscdn.lejiaolexue.com/shixun/6a24fa8030065636f2470976f01d767e89141c48.mp4,200
https://fileimosscdn.lejiaolexue.com/shixun/2567de6ed75343ab09a1b19414fa94abc412de19.mp4,200
https://fileimosscdn.lejiaolexue.com/shixun/330dd6aaf4cfb23bb26317e5ffeff894deb5da06.mp4,200
https://fileimosscdn.lejiaolexue.com/shixun/3ef1c4bc74392312b723340539af7c0c98f5a4ed.mp4,200
https://fileimosscdn.lejiaolexue.com/shixun/4eafc44548fd4e326b3882393f7a768f1f4e0fd1.mp4,200
https://fileimosscdn.lejiaolexue.com/shixun/cd4e8a2ed067c52cb401389a0924d71c2680ccdb.mp4,200
https://fileimosscdn.lejiaolexue.com/shixun/03469daf7be07ef06fe35ea9359cdca0345e8bf8.mp4,200
https://fileimosscdn.lejiaolexue.com/shixun/922e6383ee4d0aae73f23d0f4035f05686ca1bb4.mp4,200
https://fileimosscdn.lejiaolexue.com/shixun/0c25e8f89e89f4aa15ddb2e451ad7b9438a543d8.mp4,200
https://fileimosscdn.lejiaolexue.com/shixun/b622a752126c723a89f9a1f06d6c34e2540a9a69.mp4,200
https://fileimosscdn.lejiaolexue.com/shixun/32be36c43052f893f89d6cd26a5865a5630a5916.mp4,200
https://fileimosscdn.lejiaolexue.com/shixun/8f8dc6f18dfc08cc715fe46f43aae4f366af67ca.mp4,200
https://fileimosscdn.lejiaolexue.com/shixun/656dd2192c279857ecc2baab52ba7d1ab27d10d5.mp4,200
https://fileimosscdn.lejiaolexue.com/shixun/dbeca4c3b58ee3d25ca9ccaab81a5658c5fa63c8.mp4,200
https://fileimosscdn.lejiaolexue.com/shixun/d2bce49ded07774e0a48173cf4675c90def6c714.mp4,200
https://fileimosscdn.lejiaolexue.com/shixun/70ddba3cfc9799930436c94fa9c1bdb3e2726334.mp4,200
https://fileimosscdn.lejiaolexue.com/shixun/363827c35a30705a214ae7d7523b1a2645c15686.mp4,200
https://fileimosscdn.lejiaolexue.com/shixun/032f0d75a95adbede44c82f1e3f0a13ca819c387.mp4,200
https://fileimosscdn.lejiaolexue.com/shixun/838d259a2777152681b3fcdc114782887a304455.mp4,200
https://fileimosscdn.lejiaolexue.com/shixun/1e16af35b89dbe56408f72a7d516c4559e4f99b8.mp4,200
https://fileimosscdn.lejiaolexue.com/shixun/059879c6c4b60b257efca9057d9e5ccb3ca68d1b.mp4,200
https://fileimosscdn.lejiaolexue.com/shixun/70445df32427cc7767176d419ce0f26afaa0bf12.mp4,200
https://fileimosscdn.lejiaolexue.com/shixun/bbaa223762fb1d920f01de417f6d675c5f4d219f.mp4,200
https://fileimosscdn.lejiaolexue.com/shixun/22e35cd8425085070c2772586414da9531ce1b26.mp4,200
https://fileimosscdn.lejiaolexue.com/shixun/aa333385078a5d784ccdea9f1aee03317259dcab.mp4,200
https://fileimosscdn.lejiaolexue.com/shixun/2ae716bba0608f1f91d2d6dd305943fdcced7d61.mp4,200
https://fileimosscdn.lejiaolexue.com/shixun/6e98b064b5159d088a225dd65824ef3f723bef0d.mp4,200
https://fileimosscdn.lejiaolexue.com/shixun/33e953a688db2b16433660c54d197a9fdaa92de6.mp4,200
https://fileimosscdn.lejiaolexue.com/shixun/c35b3b101becc79f356efc3d06240733e5f238a3.mp4,200
https://fileimosscdn.lejiaolexue.com/shixun/4fafe1483ca96ad0dea3b005d26208c4a921ba6a.mp4,200
https://fileimosscdn.lejiaolexue.com/shixun/ef1a4a12bad29cb868d8b56778efec5327da0394.mp4,200
https://fileimosscdn.lejiaolexue.com/shixun/b9d59919098aa1587f65ee1ca7ab2047cd1fed16.mp4,200
https://fileimosscdn.lejiaolexue.com/shixun/345655f04155717e2113a81862c3c6e4fcf3e05a.mp4,200
https://fileimosscdn.lejiaolexue.com/shixun/9c11a053aeb2e4b8508de7c2b0c6c7e575c1e626.mp4,200
https://fileimosscdn.lejiaolexue.com/shixun/33a9cd4092d750af141737bedd612fcc4b2d32fc.mp4,200
https://fileimosscdn.lejiaolexue.com/shixun/f4b403af59ce08c442c3975f0f58fc5b23696312.mp4,200
https://fileimosscdn.lejiaolexue.com/shixun/547f17d42c4456f645dd94aa7c01c373a568cb9b.mp4,200
https://fileimosscdn.lejiaolexue.com/shixun/8f6474135e3463e0c69222a818742f9ec9811460.mp4,200
https://fileimosscdn.lejiaolexue.com/shixun/e8feafa202ed70ec17bfe844b12e02eeb1b7f2f1.mp4,200
https://fileimosscdn.lejiaolexue.com/shixun/e1876945d7e98752bf7f8e76b1483ec97e213f74.mp4,200
https://fileimosscdn.lejiaolexue.com/shixun/7d9cb538e52e635b7f276fe04c6bc9e883e126ed.mp4,200
https://fileimosscdn.lejiaolexue.com/shixun/84dece92e9ae7c8cd9903c79789a26c872bc1ac2.mp4,200
https://fileimosscdn.lejiaolexue.com/shixun/8a3169a4c5757df7c4734492f4fbf5730ee28eb0.mp4,200
https://fileimosscdn.lejiaolexue.com/shixun/1e80e3853e3d43a51e3bec555afa328d730b9f6a.mp4,200
https://fileimosscdn.lejiaolexue.com/shixun/1938c6c7775a4cefce7893918f9abd049d7b3d1d.mp4,200
https://fileimosscdn.lejiaolexue.com/shixun/4dc3d3769de83915c936d12f99a68a3273c979cc.mp4,200
https://fileimosscdn.lejiaolexue.com/shixun/2e6e1c073c201da384f7e63272c8a88cd80c3c5f.mp4,200
https://fileimosscdn.lejiaolexue.com/shixun/773e49e9c8ad435f688d51a81dad0b82c6c58d13.mp4,200
https://fileimosscdn.lejiaolexue.com/shixun/aeff6208be827ec61aa874d31bff4b4230a75328.mp4,200
https://fileimosscdn.lejiaolexue.com/shixun/fc9da1f47b2daf9e598465a0834c815d1828fc9b.mp4,200
https://fileimosscdn.lejiaolexue.com/shixun/add94c1c16ddd23692dc2f7dd7d720c64c5c386a.mp4,200
https://fileimosscdn.lejiaolexue.com/shixun/e2859e8605118faf75a84d6970bd45cea0ebbbc7.mp4,200
https://fileimosscdn.lejiaolexue.com/shixun/46436ecd7550be1c1e47b341fc9fe300ad589bc4.mp4,200
https://fileimosscdn.lejiaolexue.com/shixun/38523a15193a520a62676d32dea4a9147dacca8c.mp4,200
https://fileimosscdn.lejiaolexue.com/shixun/51dc02ad506696aeb51db9caa3acd264aba02504.mp4,200
https://fileimosscdn.lejiaolexue.com/shixun/5e6e1be0e05c90552e444b7ea2a1498ec30f8240.mp4,200
https://fileimosscdn.lejiaolexue.com/shixun/ec61dffc42d9f5e4017478cecf8ab52d9792a44e.mp4,200
https://fileimosscdn.lejiaolexue.com/shixun/931865c124bc8e7a8946b004950b5717ceccf79d.mp4,200
https://fileimosscdn.lejiaolexue.com/shixun/95039ab1cd18cfb2e42ba4b84d061a7f45afae03.mp4,200
https://fileimosscdn.lejiaolexue.com/shixun/f430653bf7d5c8867515bcb861457923a6d010dc.mp4,200
https://fileimosscdn.lejiaolexue.com/shixun/21414a5341a7d6ae30cdaef46fa7bd39190bacc3.mp4,200
https://fileimosscdn.lejiaolexue.com/shixun/1e03a43020571be070c8d8b6021e8e53f6529d07.mp4,200
https://fileimosscdn.lejiaolexue.com/shixun/f02986be4413233b9850b5e3ddd50215ab3d3073.mp4,200
https://fileimosscdn.lejiaolexue.com/shixun/b5491ff49faf814c74ad2d71fd338a1d33641212.mp4,200
https://fileimosscdn.lejiaolexue.com/shixun/15fb8b288be72aeca03a234bcc1ae6aeeb2c754e.mp4,200
https://fileimosscdn.lejiaolexue.com/shixun/d2fb2c2230aa068ba346b2aac012e94a74931554.mp4,200
https://fileimosscdn.lejiaolexue.com/shixun/ce77a5297a0fefd746606a71deb248ee07a748e9.mp4,200
https://fileimosscdn.lejiaolexue.com/shixun/d84bb05462feb2305cd95b5e690455c88a04cdcf.mp4,200
https://fileimosscdn.lejiaolexue.com/shixun/6ec99fb7c69408dc1de93ab3aca4d4322e9eb04c.mp4,200
https://fileimosscdn.lejiaolexue.com/shixun/3ec3abd550861b6991c908e989871c8ace81dbc3.mp4,200
https://fileimosscdn.lejiaolexue.com/shixun/121f2f71e413f51de2d6c540aed85770752f857d.mp4,200
https://fileimosscdn.lejiaolexue.com/shixun/82f331ee181bcf9da8f28c1bb2ee19f49e7d0e5b.mp4,200
https://fileimosscdn.lejiaolexue.com/shixun/610d2aaf476e6061cb78e1e4eba7cd64c2695edb.mp4,200
https://fileimosscdn.lejiaolexue.com/shixun/943dd4d27a00604353483b7d4745424e23210449.mp4,200
https://fileimosscdn.lejiaolexue.com/shixun/982bd54f36178da20e2f1548316b0935bfa3b759.mp4,200
https://fileimosscdn.lejiaolexue.com/shixun/95a850efc848ed2a607e186e01ab1bcd89a5af0c.mp4,200
https://fileimosscdn.lejiaolexue.com/shixun/182e6ebdc1110b9caa03034fc24de204993074db.mp4,200
https://fileimosscdn.lejiaolexue.com/shixun/4166f3ba924a65ff6d8c48758e2c9555f209ba2f.mp4,200
https://fileimosscdn.lejiaolexue.com/shixun/4297fe26bef2064aee4e1c357c6044ae5358029f.mp4,200
https://fileimosscdn.lejiaolexue.com/shixun/4b49dee9d38e1573cb5e1d196a85d335c32196f9.mp4,200
https://fileimosscdn.lejiaolexue.com/shixun/4dd624deefcc372168d8ea84f656c2398b97aa0f.mp4,200
https://fileimosscdn.lejiaolexue.com/shixun/cdd057c4f5a91d0b5bdc2a51f2bc4bc60a370e76.mp4,200
https://fileimosscdn.lejiaolexue.com/shixun/dfa2844c0d0728c607454668e9f96ccc36fbaff5.mp4,200
https://fileimosscdn.lejiaolexue.com/shixun/fcc5348b3d73788ac6cffe317827108bdcfc4a75.mp4,200
https://fileimosscdn.lejiaolexue.com/shixun/aaf39c82280c2a2f0c4a6afb6aa9d7c491783881.mp4,200
https://fileimosscdn.lejiaolexue.com/shixun/586735bbb50a0aa0e55459d3668ce51d03e51e25.mp4,200
https://fileimosscdn.lejiaolexue.com/shixun/21bdc1e24dbbf0e2adcb46a477c5599d58113032.mp4,200
https://fileimosscdn.lejiaolexue.com/shixun/4cf7ff83af32aa5ddf6c6f7ca798fd829525f9a6.mp4,200
https://fileimosscdn.lejiaolexue.com/shixun/e8f0b1921a8702876c567399ff724a6f1ef2d7c3.mp4,200
https://fileimosscdn.lejiaolexue.com/shixun/6e2ce1212b0b2ae5804a979475e1054f8585315e.mp4,200
https://fileimosscdn.lejiaolexue.com/shixun/0ce144b263b46d7545301b01bfa3aa9c0530bfb0.mp4,200
https://fileimosscdn.lejiaolexue.com/shixun/986a978277bf5833b4970edb5b76c5032bb2d23e.mp4,200
https://fileimosscdn.lejiaolexue.com/shixun/08bd3b9ce05603153a4b5b8c068c985e9af072b2.mp4,200
https://fileimosscdn.lejiaolexue.com/shixun/498abc997418008169805112e919096368e25d50.mp4,200
https://fileimosscdn.lejiaolexue.com/shixun/a1e06d56f0d4aba208a17202fe59f6686ac8ab7b.mp4,200
https://fileimosscdn.lejiaolexue.com/shixun/d61faf77708000b8d1ed44640b8c3f7aad7e69f1.mp4,200
https://fileimosscdn.lejiaolexue.com/shixun/5582ff6580ff35101b5dddf72e8ba49b9140a9cf.mp4,200
https://fileimosscdn.lejiaolexue.com/shixun/74c51dc4571f5d88679bd0155f7ead3dbc149493.mp4,200
https://fileimosscdn.lejiaolexue.com/shixun/bdd315745f8fa0139777e142e2dd9d7b677db64d.mp4,200
https://fileimosscdn.lejiaolexue.com/shixun/231fd25f31fdb41d496a2dc0fbc54e065477602a.mp4,200
https://fileimosscdn.lejiaolexue.com/shixun/0d587f009970ce25ddf4a5e2cbd1cc8c8158387f.mp4,200
https://fileimosscdn.lejiaolexue.com/shixun/da26b59e80e1116168da690173badc3891e8787b.mp4,200
https://fileimosscdn.lejiaolexue.com/shixun/b4d3206bfd71cfdd1163512fa6202dad1ece6f1c.mp4,200
https://fileimosscdn.lejiaolexue.com/shixun/07951942fd59af6846c0721d620fc47ae64414d9.mp4,200
https://fileimosscdn.lejiaolexue.com/shixun/551579b22a4651a2720bc1430b09d402943c7731.mp4,200
https://fileimosscdn.lejiaolexue.com/shixun/ecf8b005ca62d946de74f6bdeb0d05a43d27bacf.mp4,200
https://fileimosscdn.lejiaolexue.com/shixun/b96eb2920656e9e7b583c531d7baa202b7d393c3.mp4,200
https://fileimosscdn.lejiaolexue.com/shixun/8e86d2aea8320e567eb1cc8fda233545b470fa1a.mp4,200
https://fileimosscdn.lejiaolexue.com/shixun/04f9cc3e0ebb6fb6c248f31cb11100b24858f9c3.mp4,200
https://fileimosscdn.lejiaolexue.com/shixun/d9c3d8af191fd0cf7f858c53857d0394ff0e1394.mp4,200
https://fileimosscdn.lejiaolexue.com/shixun/0d1d552832bfc8a1336f0b16d101780ca14069e8.mp4,200
https://fileimosscdn.lejiaolexue.com/shixun/d5b82d8e2169e427ac93cc98a871b6c89faad2b1.mp4,200
https://fileimosscdn.lejiaolexue.com/shixun/70e3f7ece2076e083eb1b3febbd33e3730a4e48c.mp4,200
https://fileimosscdn.lejiaolexue.com/shixun/e057d6333a7a00b0b6c9c089201609cd04e53274.mp4,200
https://fileimosscdn.lejiaolexue.com/shixun/ce6775a89009354c080665c8f556fa56b2e6609d.mp4,200
https://fileimosscdn.lejiaolexue.com/shixun/8956b51f8be90c4131db75f1fd530edbf28500b8.mp4,200
https://fileimosscdn.lejiaolexue.com/shixun/3b9bb1a85b3c34b1f2cbf456fec69ef04c7cd470.mp4,200
https://fileimosscdn.lejiaolexue.com/shixun/ffa284677e81332aa27803007351785575b1298b.mp4,200
https://fileimosscdn.lejiaolexue.com/shixun/1126cbed17d3dcf8526ee0ef61625b1eba887371.mp4,200
https://fileimosscdn.lejiaolexue.com/shixun/e3d0bee65ab34b377fe2b6a3e455d5a5b5a6bfef.mp4,200
https://fileimosscdn.lejiaolexue.com/shixun/70574fa04fd099181b2b5f10c9cdfd9edb39ab99.mp4,200
https://fileimosscdn.lejiaolexue.com/shixun/c31f718c8eb9ad48cf43bb7d5c3da7c0e5bf6f1e.mp4,200
https://fileimosscdn.lejiaolexue.com/shixun/e9a5b0af4c54f5c7ee6532eb9e00c766b3699b1a.mp4,200
https://fileimosscdn.lejiaolexue.com/shixun/1c1e91d2996a211941079095cd23cc9831058b4f.mp4,200
https://fileimosscdn.lejiaolexue.com/shixun/794113a8dbf0d6ca00314ce8c7da7796e59d1f50.mp4,200
https://fileimosscdn.lejiaolexue.com/shixun/304fd200e1dcf328427717de90e47a441398f8d2.mp4,200
https://fileimosscdn.lejiaolexue.com/shixun/258707f677e038bb3f8745ed5c0bfbeca8a2e343.mp4,200
https://fileimosscdn.lejiaolexue.com/shixun/9858c1c02fd60e0787ee2d725b64022dcb32bdd2.MP4,200
https://fileimosscdn.lejiaolexue.com/shixun/8c01f3794b2c58be18bccf1d2c08abec92dfb84e.mp4,200
https://fileimosscdn.lejiaolexue.com/shixun/2cc48286a98f362b9049c36285c29d3df1e4314f.mp4,200
https://fileimosscdn.lejiaolexue.com/shixun/5d6d70c0192a0dfd4b3bbc91ac7c477f3d688dd2.mp4,200
https://fileimosscdn.lejiaolexue.com/shixun/81322b3adf72a2eaea9e56ce06d3be0e7038afdf.mp4,200
https://fileimosscdn.lejiaolexue.com/shixun/9402bde7d782b516e7845618eb51b7f97c7c5757.mp4,200
https://fileimosscdn.lejiaolexue.com/shixun/67d78ea6f59709225037604b1f571d8a12d2bf3e.mp4,200
https://fileimosscdn.lejiaolexue.com/shixun/40f24d7e29b69234e117e5ee5fd5a8486c5fc665.mp4,200
https://fileimosscdn.lejiaolexue.com/shixun/cc2dd368bc57a31f310927a794847251a7da9225.mp4,200
https://fileimosscdn.lejiaolexue.com/shixun/aa31fdc32157293a21cd6973a9047ffc4e6a7273.mp4,200
https://fileimosscdn.lejiaolexue.com/shixun/5f1e6c6b8577f39525c78d139f3c8dbaa8997ed8.mp4,200
https://fileimosscdn.lejiaolexue.com/shixun/a8f2d660b977dce07d73bb198aedba000d35f8d8.mp4,200
https://fileimosscdn.lejiaolexue.com/shixun/70205ac041b2829d5c622245bd89b0d4aaf8da88.mp4,200
https://fileimosscdn.lejiaolexue.com/shixun/c83e52c25e170b70abf7031639c9813095859303.mp4,200
https://fileimosscdn.lejiaolexue.com/shixun/dc03dfcb728c81f6daf169046a68e0588a334a3f.mp4,200
https://fileimosscdn.lejiaolexue.com/shixun/b92ec9e2aa384dfc4a636c362a2ef3fca3a11bd6.mp4,200
https://fileimosscdn.lejiaolexue.com/shixun/d053740beb97104b1619f648a44aa38b49e352f9.mp4,200
https://fileimosscdn.lejiaolexue.com/shixun/f17cead3bed602c1f5846bc121f551d0e3b29171.mp4,200
https://fileimosscdn.lejiaolexue.com/shixun/078633c9abb82c9817dbbf121bdbf2b51712b151.mp4,200
https://fileimosscdn.lejiaolexue.com/shixun/dd3012d5ac346650317906d68d83591ad85bbc7b.mp4,200
https://fileimosscdn.lejiaolexue.com/shixun/64338ba9172053bea5bf9a295ed5ee0f416ffdf1.mp4,200
https://fileimosscdn.lejiaolexue.com/shixun/e2ae6db3cbfce872c240202d2d1212abd6180e94.mp4,200
https://fileimosscdn.lejiaolexue.com/shixun/957fc0d9bdd7ac3fe98c3a1a67a4372ec1fc99b9.mp4,200
https://fileimosscdn.lejiaolexue.com/shixun/57f9b0c7aeff08b079b376411d745655bdbc936b.mp4,200
https://fileimosscdn.lejiaolexue.com/shixun/5a7e1ddcd96bfa8786fd1a46342072fb8558eda4.mp4,200
https://fileimosscdn.lejiaolexue.com/shixun/d534c7f6626d076827b5dfd6936e621d12c10bf4.mp4,200
https://fileimosscdn.lejiaolexue.com/shixun/7b72c47df7e95c52876ebfccfb9ec2bd373bf5fd.mp4,200
https://fileimosscdn.lejiaolexue.com/shixun/02d63d0b4871ebb1880b6f6bcb1c341f96359770.mp4,200
https://fileimosscdn.lejiaolexue.com/shixun/152202f2bfdd8f33398c1a736298023cfbcbff34.mp4,200
https://fileimosscdn.lejiaolexue.com/shixun/ccbfb36407d7d2753ab0ebe9aed3519e288d699d.mp4,200
https://fileimosscdn.lejiaolexue.com/shixun/2542cf7caf091620fa0e591fec52d09cd5a6363b.mp4,200
https://fileimosscdn.lejiaolexue.com/shixun/f84f8358587148f3b4c3d486c0fd0a7eaeb80131.mp4,200
https://fileimosscdn.lejiaolexue.com/shixun/b860fcb437faedde1fcaf8ef40e40225f611cf71.mp4,200
https://fileimosscdn.lejiaolexue.com/shixun/e73035e015f851352522e24232d117ca11665f1c.mp4,200
https://fileimosscdn.lejiaolexue.com/shixun/d0ab98933c1cd101979b9f8961a2179985f19016.mp4,200
https://fileimosscdn.lejiaolexue.com/shixun/cfa553fd60943a8d419ded434b64463bae9ada04.mp4,200
https://fileimosscdn.lejiaolexue.com/shixun/42c1fc149a087d1dfc1668e7def9aea916d64191.mp4,200
https://fileimosscdn.lejiaolexue.com/shixun/e1bbcd170c358589e17e6366ebe72c9e940d5726.mp4,200
https://fileimosscdn.lejiaolexue.com/shixun/0257d34b63ae2a824843074e1fa254d7fdbae8fe.mp4,200
https://fileimosscdn.lejiaolexue.com/shixun/68bb99ca9830ebdcf95a3baecd6cd18ea06102ac.mp4,200
https://fileimosscdn.lejiaolexue.com/shixun/2d877b0155a70296c7e019ada331e5b36d923c53.mp4,200
https://fileimosscdn.lejiaolexue.com/shixun/71789511d39967023aaaeb723347d1419eb7847a.mp4,200
https://fileimosscdn.lejiaolexue.com/shixun/2db7e7b88049627feb76d08c129538b3be16c399.mp4,200
https://fileimosscdn.lejiaolexue.com/shixun/383c308f16b8112d5e111871461585b45d505450.mp4,200
https://fileimosscdn.lejiaolexue.com/shixun/314d240259cb24580c672b6489d4ff1add85e24a.mp4,200
https://fileimosscdn.lejiaolexue.com/shixun/ba823208652c77168bd9493be45429786280ce92.mp4,200
https://fileimosscdn.lejiaolexue.com/shixun/19308efe5949b7558abaf0bca4d62168cc1e8340.mp4,200
https://fileimosscdn.lejiaolexue.com/shixun/e575e74dba569d44172a738e264515929077a10f.mp4,200
https://fileimosscdn.lejiaolexue.com/shixun/5a83477a8b523d0d28df68b68b6ec700ade08260.mp4,200
https://fileimosscdn.lejiaolexue.com/shixun/99742a096563e3e698134728cf8ca9ee2d02acce.mp4,200
https://fileimosscdn.lejiaolexue.com/shixun/d31ca5d2c034828b145c405e5f1b8043183b3fc4.mp4,200
https://fileimosscdn.lejiaolexue.com/shixun/dd035b5fcff2d240a71eefa2305ae9a4bdfa5060.mp4,200
https://fileimosscdn.lejiaolexue.com/shixun/7f3cc7754d8627e7e987d7a9a309c4269d27fa85.mp4,200
https://fileimosscdn.lejiaolexue.com/shixun/a6c8d915a7d5b6e4a78177b2743f9a4e4f8cfbb8.mp4,200
https://fileimosscdn.lejiaolexue.com/shixun/be75866489ccea1e109dd8b7cc822fc5f2f74735.mp4,200
https://fileimosscdn.lejiaolexue.com/shixun/f897bdc543362c5640e53ddda5bf0340523d4ae7.mp4,200
https://fileimosscdn.lejiaolexue.com/shixun/e5e69f056510cd0b6f6ca0b7dfe0bef9f0183c23.mp4,200
https://fileimosscdn.lejiaolexue.com/shixun/3d490d93b04040017bb936f3f7b45887134ace8f.mp4,200
https://fileimosscdn.lejiaolexue.com/shixun/585f34c57b320b54cd926b0a1a1cc99fb5e1255a.mp4,200
https://fileimosscdn.lejiaolexue.com/shixun/73c2605f0a447bd87c484185de865485df4e6ba3.mp4,200
https://fileimosscdn.lejiaolexue.com/shixun/4b286883c2ddd248ab948c7329225326b81675c2.mp4,200
https://fileimosscdn.lejiaolexue.com/shixun/69022bf23ba25e382231f37d2d24431598aae993.mp4,200
https://fileimosscdn.lejiaolexue.com/shixun/a66d37eb73ea36c7b2366ee3964f32cd00e1a022.mp4,200
https://fileimosscdn.lejiaolexue.com/shixun/b2c7d29f21ced593b34c7b6ff8fc9c3ba885264b.mp4,200
https://fileimosscdn.lejiaolexue.com/shixun/c8488da363d2c2dc67fa1ecbc98419da741a2a30.mp4,200
https://fileimosscdn.lejiaolexue.com/shixun/1a17a6386434f3d44918656821b02000cc354d42.mp4,200
https://fileimosscdn.lejiaolexue.com/shixun/6197fcb3c51833e4148f51f21cca97594dcd99ac.mp4,200
https://fileimosscdn.lejiaolexue.com/shixun/45194d5db76bbf7c2dfa67bc8ac909db5c5d3a7c.mp4,200
https://fileimosscdn.lejiaolexue.com/shixun/2d14fb4b2f440a0335e3a137c75e541210416e37.mp4,200
https://fileimosscdn.lejiaolexue.com/shixun/924a425470349a8f929dcb289e5532fd79882006.mp4,200
https://fileimosscdn.lejiaolexue.com/shixun/66ef6db79bae372a4216cb5cd94c044903c8572f.mp4,200
https://fileimosscdn.lejiaolexue.com/shixun/c0a4342d9ddf4c2d4d551a649e63e6d2331f088a.mp4,200
https://fileimosscdn.lejiaolexue.com/shixun/fd0112dd63d09853ce56e9e6488d34f275ff8c38.mp4,200
https://fileimosscdn.lejiaolexue.com/shixun/330475b3dc704a88d6fe2011ec447e97ab294a6a.mp4,200
https://fileimosscdn.lejiaolexue.com/shixun/91f9381207e7ddafa36fabb629692e29b30d6eb9.mp4,200
https://fileimosscdn.lejiaolexue.com/shixun/2de6c3e5282cd671412d9e043907b7305dcba0aa.mp4,200
https://fileimosscdn.lejiaolexue.com/shixun/ce14a6e4d121ffe982184b252717dfb03e301fc9.mp4,200
https://fileimosscdn.lejiaolexue.com/shixun/ee19db418a5dc257577b6078309a8ce8b218307d.mp4,200
https://fileimosscdn.lejiaolexue.com/shixun/383a8343491d909bc5d53225ab7aab30dd93ff36.mp4,200
https://fileimosscdn.lejiaolexue.com/shixun/422a50690a58d42ee1ff18aa9eca7a938e5e2bf4.mp4,200
https://fileimosscdn.lejiaolexue.com/shixun/2a9d90c036018ccc6683206fa03a4214395847d5.mp4,200
https://fileimosscdn.lejiaolexue.com/shixun/c4412241a0f866eec5ea67dbb9486982eeafe31b.mp4,200
https://fileimosscdn.lejiaolexue.com/shixun/1a22f119e9743871899bb2007713d464f9729dc0.mp4,200
https://fileimosscdn.lejiaolexue.com/shixun/530ccd39fae54e023111b8a3e28adfcff66ebf09.mp4,404
https://fileimosscdn.lejiaolexue.com/shixun/656c6dc086a96601001798fb04d18420f49ff9ab.mp4,200
https://fileimosscdn.lejiaolexue.com/shixun/9645fe6a521d5b57dcc1407578b5318847742f6c.mp4,200
https://fileimosscdn.lejiaolexue.com/shixun/63e3e4e39ecc883ff7db2c6f85792922685e596b.mp4,200
https://fileimosscdn.lejiaolexue.com/shixun/a687476697c13745bb29fbd72c535dc6e5bb7dc5.mp4,200
https://fileimosscdn.lejiaolexue.com/shixun/99266f633416c5fa7653b4a849c595315efa9670.mp4,200
https://fileimosscdn.lejiaolexue.com/shixun/66c89ab9011c229b1a7c9a648233b402449048ed.mp4,200
https://fileimosscdn.lejiaolexue.com/shixun/95225155a56a9b7bea104d6f53bfa0686367b5c1.mp4,200
https://fileimosscdn.lejiaolexue.com/shixun/33e104a0b26eb3c4033a819a2f9721acb670394b.mp4,200
https://fileimosscdn.lejiaolexue.com/shixun/d83b77469cc29edb81a4540a8b6daad84b2fca3d.mp4,200
https://fileimosscdn.lejiaolexue.com/shixun/9a68f403d1bb6bd78a63e23dcd4f35c50b1a455d.mp4,200
https://fileimosscdn.lejiaolexue.com/shixun/1a21d890c00416425fae20ad613e8f6cb787451e.mp4,200
https://fileimosscdn.lejiaolexue.com/shixun/72aaa242a175686e982c7461360e134fcc7f30e6.mp4,200
https://fileimosscdn.lejiaolexue.com/shixun/99b9971b1773966bec1351d3e41f367e8433d0ce.mp4,200
https://fileimosscdn.lejiaolexue.com/shixun/6c69edccb0e9056b78c68c6178870759b8b38559.mp4,200
https://fileimosscdn.lejiaolexue.com/shixun/8f732ac0557cf8dac955feb022310f8214ad4658.mp4,200
https://fileimosscdn.lejiaolexue.com/shixun/e6816f31bee07c29e06111aad0c042a6998f39c8.mp4,200
https://fileimosscdn.lejiaolexue.com/shixun/b064dd889d0e1e99dbcd90298e5ec39cfcc1e184.mp4,200
https://fileimosscdn.lejiaolexue.com/shixun/ab18eec98ec47668055d5dd5c10d7fe90c929f3c.mp4,200
https://fileimosscdn.lejiaolexue.com/shixun/61e0bd2bf74aad19fa55b08b3f8c9025847f2e2c.mp4,200
https://fileimosscdn.lejiaolexue.com/shixun/c4c1b94596ecd2cb81bd403d582ca513eaa78fe0.mp4,200
https://fileimosscdn.lejiaolexue.com/shixun/7f4328f7030f3fe8e80efabb7dcc6e3cf147e19a.mp4,200
https://fileimosscdn.lejiaolexue.com/shixun/083d56f797062fbe360676f700d226b5e4812c26.mp4,200
https://fileimosscdn.lejiaolexue.com/shixun/653c0924dfa126b5c0444850728bb6268c8c6228.mp4,200
https://fileimosscdn.lejiaolexue.com/shixun/f883055a04a4f2e94f775d8e1b4a4c2d3142b6b0.mp4,200
https://fileimosscdn.lejiaolexue.com/shixun/0984888896c0bfce10d4c57d098b9297b55dcdbd.mp4,200
https://fileimosscdn.lejiaolexue.com/shixun/a82b6c6f6912fa2b2f0184a7c89769744b639bbc.mp4,200
https://fileimosscdn.lejiaolexue.com/shixun/d1ca5151601e1f30ff1a459b9a6107c5b1e7e1ea.mp4,200
https://fileimosscdn.lejiaolexue.com/shixun/406425385131ea0ad7068a7d4f6b260f228ecc63.mp4,200
https://fileimosscdn.lejiaolexue.com/shixun/a4be96f42180aa14d88844131e3c687bdf6a8eae.mp4,200
https://fileimosscdn.lejiaolexue.com/shixun/5e995ccc89b5ef2b0c103c35be6841d3da019668.mp4,200
https://fileimosscdn.lejiaolexue.com/shixun/7b9201c555f7aae450defd4ac764d5694fd4bfba.mp4,200
https://fileimosscdn.lejiaolexue.com/shixun/5e13f4d581ce6416580bb6b72ab90dce71bd07c1.mp4,200
https://fileimosscdn.lejiaolexue.com/shixun/f68c262ccf4a4dd91709b7e69622ed45d3cd7160.mp4,200
https://fileimosscdn.lejiaolexue.com/shixun/59ce54d0c6bb5d8afc36ff06443a9dd005d01c5b.mp4,200
https://fileimosscdn.lejiaolexue.com/shixun/16e595eb5b5bf0f12b3c4c9d6b1f6ed2bbe5af8b.mp4,200
https://fileimosscdn.lejiaolexue.com/shixun/d13008e1094c4df6e88bdd32193a39c2bfd7488c.mp4,200
https://fileimosscdn.lejiaolexue.com/shixun/f4d0a2dfeff98e525b1deef020c6f6baf88f7abe.mp4,200
https://fileimosscdn.lejiaolexue.com/shixun/687543a5d0358dd611ce19217197e0ecf144c0a3.mp4,200
https://fileimosscdn.lejiaolexue.com/shixun/840deced4a01387b11b17a31c3d1611f753bf831.mp4,200
https://fileimosscdn.lejiaolexue.com/shixun/f9c4a6e33b4ed1d9c30ca4fd58894d6ba3b1cd5b.mp4,200
https://fileimosscdn.lejiaolexue.com/shixun/98b90b697670da2dca2b3027bd4be7dd0d2b3473.mp4,200
https://fileimosscdn.lejiaolexue.com/shixun/4a1f5d6198c0f59140822cdd1f7e76009735a475.mp4,200
https://fileimosscdn.lejiaolexue.com/shixun/e046444861f23069b761b2233a7059226662c865.mp4,200
https://fileimosscdn.lejiaolexue.com/shixun/fcc236459eb073c934a222533d8b9dff61b18fa3.mp4,200
https://fileimosscdn.lejiaolexue.com/shixun/4b7df7c40dff52cfa71bb216e1a01bd6c4eb83fc.mp4,200
https://fileimosscdn.lejiaolexue.com/shixun/4647617007c86f72969ff442cdcfa7d6e1ca58d9.mp4,200
https://fileimosscdn.lejiaolexue.com/shixun/77d6e3c45f2f836788a4039a4833b0dd52ae99ff.mp4,200
https://fileimosscdn.lejiaolexue.com/shixun/ba897e0dc20788a4a7f85913d7358362f9adebd8.mp4,200
https://fileimosscdn.lejiaolexue.com/shixun/73e5d11a22bdde8ce5f18efa4976bd38ad517ce7.mp4,200
https://fileimosscdn.lejiaolexue.com/shixun/e2b47ef29e14a782e8fd9f50ffdc4fbe6d66dcde.mp4,200
https://fileimosscdn.lejiaolexue.com/shixun/aedafb04ba911edef1804ae74535df5b5c9c0012.mp4,200
https://fileimosscdn.lejiaolexue.com/shixun/90357d4a88bb6e6de7e0e01bf86dff5afd8d4e65.mp4,200
https://fileimosscdn.lejiaolexue.com/shixun/b0d65bfa1241cb9856cdd964a6820f0a6de53f0b.mp4,200
https://fileimosscdn.lejiaolexue.com/shixun/c2c0dbd5b4528221098a23e06c957812e1811006.mp4,200
https://fileimosscdn.lejiaolexue.com/shixun/976a423e98b1eb6382c2f520e7bae6a89e6d8846.mp4,200
https://fileimosscdn.lejiaolexue.com/shixun/2ce19f8135cc288cc5f9fe8fce2be8efee0ff89e.mp4,200
https://fileimosscdn.lejiaolexue.com/shixun/f7eaacdcec233e3dbcede4fe6d51e3230d39456c.mp4,200
https://fileimosscdn.lejiaolexue.com/shixun/f4eb4ab62411fd5b1bbafb08f4af50e2916daa0d.mp4,200
https://fileimosscdn.lejiaolexue.com/shixun/e2c9fe22c89cb1f44a459ca894054220ef03ecae.mp4,200
https://fileimosscdn.lejiaolexue.com/shixun/b31ef98167d266f242fd2deed20c7d43aea9d339.mp4,200
https://fileimosscdn.lejiaolexue.com/shixun/134976319fa48511dbb14aee174ba2fc44158600.mp4,200
https://fileimosscdn.lejiaolexue.com/shixun/135a716377aa58498b7a51f0e871f2bf0c0b0d7a.mp4,200
https://fileimosscdn.lejiaolexue.com/shixun/0f5ccd70b959ea84e127ff04b874fa4d059987fb.mp4,200
https://fileimosscdn.lejiaolexue.com/shixun/3a7e22d04e5d4533e5a19370fac434802a17b47a.mp4,200
https://fileimosscdn.lejiaolexue.com/shixun/cf2df9d14b8d075b433b1f88ef5ef29bf38afcb8.mp4,200
https://fileimosscdn.lejiaolexue.com/shixun/49455deeff56ea46eccb90c3cfa7c60e7c7879fe.mp4,200
https://fileimosscdn.lejiaolexue.com/shixun/2a5d8a8b1682549eef363dad122e26a8d68d2825.mp4,200
https://fileimosscdn.lejiaolexue.com/shixun/e6da8274ae5db46df996a4579e2ee7b015e4f0e8.mp4,200
https://fileimosscdn.lejiaolexue.com/shixun/66c541cfbbbdcae38c2479a1faed1d09d8eea083.mp4,200
https://fileimosscdn.lejiaolexue.com/shixun/b808bb55034b6ce0464ee2a60e3fb84d9de6f2a3.mp4,200
https://fileimosscdn.lejiaolexue.com/shixun/4676e918579ffa794142224c6c6cf8802d2e2838.mp4,200
https://fileimosscdn.lejiaolexue.com/shixun/a87b2662c45984feec726200f59f6e0bb89cb03a.mp4,200
https://fileimosscdn.lejiaolexue.com/shixun/15e0b250a8e34b511aa4e579783af05a72282de4.mp4,200
https://fileimosscdn.lejiaolexue.com/shixun/76ed58f2dd66346761078886df2932a0425d5ab1.mp4,200
https://fileimosscdn.lejiaolexue.com/shixun/047f3f34200676249ef1321a3360c93b61bbcc0f.mp4,200
https://fileimosscdn.lejiaolexue.com/shixun/6e9967c384a3bb7a311c6d95f24b0d125f4bf1e5.mp4,200
https://fileimosscdn.lejiaolexue.com/shixun/9112c0bcf91a064518b5d256ad3026205185e45e.mp4,200
https://fileimosscdn.lejiaolexue.com/shixun/82ec2194263e3049883cd5e2630d7513fe4e5b4a.mp4,200
https://fileimosscdn.lejiaolexue.com/shixun/b3dc64310bffa018d69d33caba01d57ecf7b52cc.mp4,200
https://fileimosscdn.lejiaolexue.com/shixun/4cb0f5b0ebb04786c7eab8c3c1836af066066762.mp4,200
https://fileimosscdn.lejiaolexue.com/shixun/7ed5e115ce7fb1db98dc41272ef7fc561c3f0ac2.mp4,200
https://fileimosscdn.lejiaolexue.com/shixun/fbe6e0d5b547ac192170f0ba6261e0064c7a20b9.mp4,200
https://fileimosscdn.lejiaolexue.com/shixun/fa0c96a0848f825c8bde3ca50cc24af5b4d82d9a.mp4,200
https://fileimosscdn.lejiaolexue.com/shixun/e7871ec2bc00b6fab625ddd43c56ec317884b3ed.mp4,200
https://fileimosscdn.lejiaolexue.com/shixun/05a8514e8c973af45b21250a09d51cc1c2e6e08d.mp4,200
https://fileimosscdn.lejiaolexue.com/shixun/a8c376d659b331663d8ea8a1c683c9d9d42a2b60.mp4,200
https://fileimosscdn.lejiaolexue.com/shixun/1cca46f628bafed27e49c5b3f0d5d2c37178633d.mp4,200
https://fileimosscdn.lejiaolexue.com/shixun/31669a1d00f6cf50bf092d4505a3f8835dddd4ae.mp4,200
https://fileimosscdn.lejiaolexue.com/shixun/135e2ec7538cdf480b9b2c27624e652ecfb05a20.mp4,200
https://fileimosscdn.lejiaolexue.com/shixun/ad9b2e1dbe1186ba2a1377938f39b55aaf834a39.mp4,200
https://fileimosscdn.lejiaolexue.com/shixun/0c7da370e6b72d054f9036e8b3b7e3674ee7a643.mp4,200
https://fileimosscdn.lejiaolexue.com/shixun/c706b1d9e67f9cf2c1acdca0011c072ddc4e8d54.mp4,200
https://fileimosscdn.lejiaolexue.com/shixun/69cb0076f366abb8a101e5dcdfdefd4a81a27a59.mp4,200
https://fileimosscdn.lejiaolexue.com/shixun/98f216616f35023ea20ab3e41c3a202b9770eb1e.mp4,200
https://fileimosscdn.lejiaolexue.com/shixun/5803a80e37fcb3b8c92034d3ba971a51b22d15e0.mp4,200
https://fileimosscdn.lejiaolexue.com/shixun/e86db56068565869ce878ea02b0e6d1f544f42a5.mp4,200
https://fileimosscdn.lejiaolexue.com/shixun/955e8aa47fe31c63c09b62e7975077a0d1385588.mp4,200
https://fileimosscdn.lejiaolexue.com/shixun/511157077c3b7f85d34c436130f7f9aaed1f93a5.mp4,200
https://fileimosscdn.lejiaolexue.com/shixun/a42121a1a790dd2e19b2a42471178c66ef3dca70.mp4,200
https://fileimosscdn.lejiaolexue.com/shixun/b54360f62aab98132b230580500ec74de6113e0f.mp4,200
https://fileimosscdn.lejiaolexue.com/shixun/8dcf1eaea0217592530fc05b802c78a46395d6c1.mp4,200
https://fileimosscdn.lejiaolexue.com/shixun/316e3c6d93486491eadfb4a68159ff8caea3794f.mp4,200
https://fileimosscdn.lejiaolexue.com/shixun/1eab2d5e642a33281ebd2a237a7e76c26a9bbc6a.mp4,200
https://fileimosscdn.lejiaolexue.com/shixun/9cdeb4d7b197a653456508b74c13c5bcbbb53b0f.mp4,200
https://fileimosscdn.lejiaolexue.com/shixun/5ac7234c492debadff579949b7e579bd2c2fe0ae.mp4,200
https://fileimosscdn.lejiaolexue.com/shixun/b4bb1ad86f323245765e3558756165555eb29eec.mp4,200
https://fileimosscdn.lejiaolexue.com/shixun/80380da0579b8e68df3758b165d929afde424351.mp4,200
https://fileimosscdn.lejiaolexue.com/shixun/92553fac2c1ef256c967bd7b50abbc68cbef0743.mp4,200
https://fileimosscdn.lejiaolexue.com/shixun/440277e054fcaa22542a93a38fb1b4cf2dbaa5a3.mp4,200
https://fileimosscdn.lejiaolexue.com/shixun/a3c80c246015cbdc8fb4b8466e36a1e224abcf65.mp4,200
https://fileimosscdn.lejiaolexue.com/shixun/dcdb1951ea4d41c30e5148223c0e040d217d405f.mp4,200
https://fileimosscdn.lejiaolexue.com/shixun/6a857a99f68557b16aee13f852baddf0a9177271.mp4,200
https://fileimosscdn.lejiaolexue.com/shixun/8374f1940029db0869ac0c98d49290438a730862.mp4,200
https://fileimosscdn.lejiaolexue.com/shixun/a13b25c3c3174dc6cc8f6c046ccc43746c35cebc.mp4,200
https://fileimosscdn.lejiaolexue.com/shixun/eaa9f27d26ccdb51d1ef7547d84f5c6abef01b85.mp4,200
https://fileimosscdn.lejiaolexue.com/shixun/0cccc25c8156f29939ead25fea973482a2f199be.mp4,200
https://fileimosscdn.lejiaolexue.com/shixun/2033c83125cfda579500472e26448c10b1bfa921.mp4,200
https://fileimosscdn.lejiaolexue.com/shixun/6bb5c2852651e8309cb9d8886c995eec06fd8ed2.mp4,200
https://fileimosscdn.lejiaolexue.com/shixun/5f59252125118ebf027f41d888a184e854ec9f7b.mp4,200
https://fileimosscdn.lejiaolexue.com/shixun/c7c1730cfccdd8b7c8b34e08108a4e87e31fdba7.mp4,200
https://fileimosscdn.lejiaolexue.com/shixun/5dcd217c7ac889348a7ee25b22c90c9d32d5d814.mp4,200
https://fileimosscdn.lejiaolexue.com/shixun/da15621a8d5e69526f1267c358f3b0381c4245f8.mp4,200
https://fileimosscdn.lejiaolexue.com/shixun/844ffc6c55bd7e8dbd7349bb599fb4190d33b4e4.mp4,200
https://fileimosscdn.lejiaolexue.com/shixun/5090b690f229fb54ace3b85d1b21579e8d62375f.mp4,200
https://fileimosscdn.lejiaolexue.com/shixun/96ba4037955a8f4e2f8a754a5a395c5d05398fe2.mp4,200
https://fileimosscdn.lejiaolexue.com/shixun/3155632d1236d4c9e525a659c4c077eec2e75a76.mp4,200
https://fileimosscdn.lejiaolexue.com/shixun/af64755a42fe4d6645144b31b88da638249a28c3.mp4,200
https://fileimosscdn.lejiaolexue.com/shixun/2bb168b9481de0fb4e7f436b5dcf6cb4290cd670.mp4,200
https://fileimosscdn.lejiaolexue.com/shixun/6847948aa22351120df1a4ed334f01eae81118aa.mp4,200
https://fileimosscdn.lejiaolexue.com/shixun/ea1ff4e95ec0ce479f4aa7e516e0798d16df9e8d.mp4,200
https://fileimosscdn.lejiaolexue.com/shixun/680096764f7d99f9662b1b98f64574fc301c7a05.mp4,200
https://fileimosscdn.lejiaolexue.com/shixun/1cd60791b904d908c0957a7d6601e5da85bd5040.mp4,200
https://fileimosscdn.lejiaolexue.com/shixun/5b3c487ef60fd239a34e696d7b6352bf14f3be84.mp4,200
https://fileimosscdn.lejiaolexue.com/shixun/e5fa7dc566f70d21246d5588009182b40df315ea.mp4,200
https://fileimosscdn.lejiaolexue.com/shixun/8715f8474d2a508cfc98bfbbbb792d9d5f4c25c1.mp4,200
https://fileimosscdn.lejiaolexue.com/shixun/7d90cc38ff0bbf0821351170b6fd15f3dbbe040d.mp4,200
https://fileimosscdn.lejiaolexue.com/shixun/188417c53423f032183df26abf9488ea76738933.mp4,200
https://fileimosscdn.lejiaolexue.com/shixun/2e2daa2448444ebbed3a312439350966ad0964c3.mp4,200
https://fileimosscdn.lejiaolexue.com/shixun/9d99a8adafb5d17d9cc43a32a40beb92d787df62.mp4,200
https://fileimosscdn.lejiaolexue.com/shixun/7eac7b1b673acfb0bc7a925f71578c8635132129.mp4,200
https://fileimosscdn.lejiaolexue.com/shixun/b27cc0d6b66d9526aa793c130b16dee2e5fc079a.mp4,200
https://fileimosscdn.lejiaolexue.com/shixun/e09afc128a5ca8bb8032baf48cc192caddb1cf04.mp4,200
https://fileimosscdn.lejiaolexue.com/shixun/03aeb7adf91d3f37c2c89452d0a42f14c8d84237.mp4,200
https://fileimosscdn.lejiaolexue.com/shixun/74bf4fc49b6e1ffc2c0796669eb62ceef8e9d05f.mp4,200
https://fileimosscdn.lejiaolexue.com/shixun/d4c610290457fa0feb5852f2826e7de00776f691.mp4,200
https://fileimosscdn.lejiaolexue.com/shixun/2a22fc60609d97af14ee3603a3b6309c2fd87241.mp4,200
https://fileimosscdn.lejiaolexue.com/shixun/e35a6e1c2b21b67bd3c436374a71a0a7831ef894.mp4,200
https://fileimosscdn.lejiaolexue.com/shixun/ef0a1d909a058cac4a8230f19c66b6db9c2f9128.mp4,200
https://fileimosscdn.lejiaolexue.com/shixun/efc4ca0ca8903c811a8f6496978b0c622c9af39f.mp4,200
https://fileimosscdn.lejiaolexue.com/shixun/bbaefa915ef1783e9a66cf49ecc637ef851b1927.mp4,200
https://fileimosscdn.lejiaolexue.com/shixun/a21a75b632bce17b35d67f382db6655d7601915a.mp4,200
https://fileimosscdn.lejiaolexue.com/shixun/b7ae0eecd81be95707dd1bed9875fac3df6b7bb8.mp4,200
https://fileimosscdn.lejiaolexue.com/shixun/35cf82cb9ed2dd99b59d127a9c629dd37fd2e4c2.mp4,200
https://fileimosscdn.lejiaolexue.com/shixun/56796d76b951abda8cfb03e8734909421a6c6562.mp4,200
https://fileimosscdn.lejiaolexue.com/shixun/e7ddb6cda6345743f53c1549402de0246f10d20d.mp4,200
https://fileimosscdn.lejiaolexue.com/shixun/d9f9785eaf711b5a269daaf926ed7f6e20c89bb7.mp4,200
https://fileimosscdn.lejiaolexue.com/shixun/ea8329c0cc2d83efa72a50d3c9556a89342fc0c3.mp4,200
https://fileimosscdn.lejiaolexue.com/shixun/b853fd963b58b211127c31bee92c2f4aa6cf70a6.mp4,200
https://fileimosscdn.lejiaolexue.com/shixun/dc3155e8762890a8428996ee177362c9ae20da09.mp4,200
https://fileimosscdn.lejiaolexue.com/shixun/3a70ab5088a3b0e37d4a783e37f9fadfd0d8e27d.mp4,200
https://fileimosscdn.lejiaolexue.com/shixun/d609c5a41c2a59d090cab815e010132984cfeabb.mp4,200
https://fileimosscdn.lejiaolexue.com/shixun/82eacdcad6958048cf1ce1af2f92a969ddd6a819.mp4,200
https://fileimosscdn.lejiaolexue.com/shixun/bb1a25661ed47ef39da2aa8f31d6c672d1d2f129.mp4,200
https://fileimosscdn.lejiaolexue.com/shixun/fe12f401b5e8b86a1a015978b5d188a945c0842a.mp4,200
https://fileimosscdn.lejiaolexue.com/shixun/f32a5b16e811d5ce8d31451a9354ea3e3ba8d91f.mp4,200
https://fileimosscdn.lejiaolexue.com/shixun/24fb8f2a977a07af87bff01167e0c92a2cca3827.mp4,200
https://fileimosscdn.lejiaolexue.com/shixun/524b7d66008e4a9681c2f95f452608cbe1b705da.mp4,200
https://fileimosscdn.lejiaolexue.com/shixun/e68b016ac5a9929ba62298359be64518027a88b9.mp4,200
https://fileimosscdn.lejiaolexue.com/shixun/72a618cffa309b0f6d1c2dba51af1c8bd39cec68.mp4,200
https://fileimosscdn.lejiaolexue.com/shixun/f0597822ff2fae0e9ca03eb396c4dd8b364d294c.mp4,200
https://fileimosscdn.lejiaolexue.com/shixun/07a365e03c337a590bbde0b0c9b796579537700b.mp4,200
https://fileimosscdn.lejiaolexue.com/shixun/5080d6510d82f1a2c6c6d86a3d62617c77bb137d.mp4,200
https://fileimosscdn.lejiaolexue.com/shixun/b0d9308ac73cf54649f921b9864bd68ab4896c0b.mp4,200
https://fileimosscdn.lejiaolexue.com/shixun/9f0e2e1f10872c674386899d115ecafd0ea001af.mp4,200
https://fileimosscdn.lejiaolexue.com/shixun/64b3a6bd90081aad9058e4d0a2b48b83a62d8bc2.mp4,200
https://fileimosscdn.lejiaolexue.com/shixun/883b407b7f66289ebc5bfc6d8aa1bf252e6d4499.mp4,200
https://fileimosscdn.lejiaolexue.com/shixun/8c1ca3d31de1c893466e989ebae856085f78d446.mp4,200
https://fileimosscdn.lejiaolexue.com/shixun/929e5d9f5a828ab67eca214b0a2784745047d3b1.mp4,200
https://fileimosscdn.lejiaolexue.com/shixun/25112a907a781ea892b85f20ff51f14f85037d0f.mp4,200
https://fileimosscdn.lejiaolexue.com/shixun/38fc31fb73b1b3486b73045ad386b8434bf315f3.mp4,200
https://fileimosscdn.lejiaolexue.com/shixun/6826708274bbc003787a9a94916166f8546f83c1.mp4,200
https://fileimosscdn.lejiaolexue.com/shixun/d96d663bc3154a86eae9d960054d36d84bb1bf69.mp4,200
https://fileimosscdn.lejiaolexue.com/shixun/61c18de2bbe620f780858e1c056c0d56b1b603ef.mp4,200
https://fileimosscdn.lejiaolexue.com/shixun/c73bef27a263f65659295c137b5816ae3024e4f0.mp4,200
https://fileimosscdn.lejiaolexue.com/shixun/1fe1bc33e6e0875ff896b45684077b5b3a8dc77b.mp4,200
https://fileimosscdn.lejiaolexue.com/shixun/07613804a28548a4c3eea6549324ed59038de4af.mp4,200
https://fileimosscdn.lejiaolexue.com/shixun/b6ec040a05792a5860673ce86be9ca4c9a8f7676.mp4,200
https://fileimosscdn.lejiaolexue.com/shixun/6176eb05428e2d4fabf82ebda1637347a3381468.mp4,200
https://fileimosscdn.lejiaolexue.com/shixun/17d9c7e4c46077d7bee5d7d5f71ff57b15301179.mp4,200
https://fileimosscdn.lejiaolexue.com/shixun/38ebb0e02a74fb7412e43246ca0d75966b4c2855.mp4,200
https://fileimosscdn.lejiaolexue.com/shixun/15ead106368ccfc3502deb3b42f54778a069b4bc.mp4,200
https://fileimosscdn.lejiaolexue.com/shixun/fdbfa4d8f172a44943a5dbb6083ea51a386e060a.mp4,200
https://fileimosscdn.lejiaolexue.com/shixun/7af316d9da991152f402b6c29f79f8e6025076c7.MP4,404
https://fileimosscdn.lejiaolexue.com/shixun/2770bb09b4d87753edfe7d6b7066daba13d6cebe.mp4,200
https://fileimosscdn.lejiaolexue.com/shixun/deb1138259cdc4aea4657240e19e74c6556c7474.mp4,200
https://fileimosscdn.lejiaolexue.com/shixun/fa276980f4b2e6e4d22ad63b743f8897be7d4155.mp4,200
https://fileimosscdn.lejiaolexue.com/shixun/1dce7ee641046a57093536fbdefb391159ecd3af.mp4,200
https://fileimosscdn.lejiaolexue.com/shixun/32349d66f72c1115e824ad0818292f904fac9d6f.mp4,200
https://fileimosscdn.lejiaolexue.com/shixun/e62852281ab8de395eaa424f029ff312a46f878c.mp4,200
https://fileimosscdn.lejiaolexue.com/shixun/5e5c915ac65526fc5ec33816d63a9e291531d473.mp4,200
https://fileimosscdn.lejiaolexue.com/shixun/fbd88555dedb42e3569c88541c552d2d68d8e5a9.mp4,200
https://fileimosscdn.lejiaolexue.com/shixun/4db9892fd4a4cb945d981c72e97585dc6112810c.mp4,200
https://fileimosscdn.lejiaolexue.com/shixun/3d9d4c86de535c4244920ae037e95febdb4c2146.mp4,200
https://fileimosscdn.lejiaolexue.com/shixun/8c1c6df3a8e0eefd22294d6d1554a9af74e4cabc.mp4,200
https://fileimosscdn.lejiaolexue.com/shixun/f3d514a3132b1aa5c30da8897ff3a45f70ac14b4.mp4,200
https://fileimosscdn.lejiaolexue.com/shixun/280a8780e41cb2f7a6a31ba756aae3616504a602.mp4,200
https://fileimosscdn.lejiaolexue.com/shixun/eac1754af2497e093b161b851f1a0da1ae65a125.mp4,200
https://fileimosscdn.lejiaolexue.com/shixun/7a6e2efee2d75149aacf9a66ea87b55790f31b28.mp4,200
https://fileimosscdn.lejiaolexue.com/shixun/793ece5813431229108c334e6bfc494d39e6d11e.mp4,200
https://fileimosscdn.lejiaolexue.com/shixun/f30dce0cd764dd27ed2ad464f3c64dc3795cac16.mp4,200
https://fileimosscdn.lejiaolexue.com/shixun/4c9155fd5d3cf92ebcad19a57cd7121ebfbf608d.mp4,200
https://fileimosscdn.lejiaolexue.com/shixun/bdf67c735b85a71546f0283e4b2ba784cbfb83a5.mp4,200
https://fileimosscdn.lejiaolexue.com/shixun/ed84f4105703271bfe5159b9430bdef2ed18c3a3.mp4,200
https://fileimosscdn.lejiaolexue.com/shixun/747de363cfa696448ac2e28ee737b43320ebe1df.mp4,200
https://fileimosscdn.lejiaolexue.com/shixun/e92ffa287a17cbe311babd81bf1c03e5991cc6d2.mp4,200
https://fileimosscdn.lejiaolexue.com/shixun/c65a556ca72cae4498611be0e0937dcea0acff31.mp4,200
https://fileimosscdn.lejiaolexue.com/shixun/111702563d599566cf7d1ac4232b452738d9e53e.mp4,200
https://fileimosscdn.lejiaolexue.com/shixun/215f525f9fc78dc04275d9bc2b3b6d73c0157a00.mp4,200
https://fileimosscdn.lejiaolexue.com/shixun/980969339b4e786e6355efbff474f8fec96c4438.mp4,200
https://fileimosscdn.lejiaolexue.com/shixun/98e3654cc0e2fd5afadb563579d55b36973bd615.mp4,200
https://fileimosscdn.lejiaolexue.com/shixun/1233527a617e84da8f23ffa329c53fd07c3f1cef.mp4,200
https://fileimosscdn.lejiaolexue.com/shixun/c14b10e15b635a8074f2960f30e7a5ca77ec7b09.mp4,200
https://fileimosscdn.lejiaolexue.com/shixun/446273e80860bad03960838e1411cd1c73412ea5.mp4,200
https://fileimosscdn.lejiaolexue.com/shixun/f413986e1e3b520c4f1f4e49e55639294554339f.mp4,200
https://fileimosscdn.lejiaolexue.com/shixun/76f397d358c9e2ef2e18e6cf718892513e16eed4.mp4,200
https://fileimosscdn.lejiaolexue.com/shixun/46a3c0b1396136dc475ea331c4415b77179ecd70.mp4,200
https://fileimosscdn.lejiaolexue.com/shixun/fd2705b1dc5b49be144b34f28d675907dcafd835.mp4,200
https://fileimosscdn.lejiaolexue.com/shixun/371f071843e06b2d8e40b3011089c962a870e727.mp4,200
https://fileimosscdn.lejiaolexue.com/shixun/d05e393ff00f5a55de5a591a2b21ffbaeec71592.mp4,200
https://fileimosscdn.lejiaolexue.com/shixun/0bdd141fc58060c48fdcda693570d27c65cee4fa.mp4,200
https://fileimosscdn.lejiaolexue.com/shixun/6f333c84ff469005b33d7204da862b9594f67906.mp4,200
https://fileimosscdn.lejiaolexue.com/shixun/97ec8ad4145debd5ccc6b30e0e66c2846b19275a.mp4,200
https://fileimosscdn.lejiaolexue.com/shixun/ca7d7f211e09773e1cb385da10bef9bc28ea58ef.mp4,200
https://fileimosscdn.lejiaolexue.com/shixun/12d12b8a974088d26693d78c90712dc3fc8bd47c.mp4,200
https://fileimosscdn.lejiaolexue.com/shixun/77cb3c54f5ae7f9ca97d97b175688200f81d42d4.mp4,200
https://fileimosscdn.lejiaolexue.com/shixun/112bd95d4c5a5788823f849c834d787407887bc4.mp4,200
https://fileimosscdn.lejiaolexue.com/shixun/35f8920c00a3f3da42d41e655ae6d1093e2f7d19.mp4,200
https://fileimosscdn.lejiaolexue.com/shixun/e6d4338cee0db6989f7340fe9472ed2c3d9437ec.mp4,200
https://fileimosscdn.lejiaolexue.com/shixun/0b158f9f0ffdba74e96cb804743206f26c4099e1.mp4,200
https://fileimosscdn.lejiaolexue.com/shixun/36e936c4031a81c6ebc4b6f19c5a463fa90e04e6.mp4,200
https://fileimosscdn.lejiaolexue.com/shixun/36e65220a3ea4cce536a8606fd4a1853358c40c4.mp4,200
https://fileimosscdn.lejiaolexue.com/shixun/3139c449b3f9a2af876f5d866a50dc0e9f340b1a.mp4,200
https://fileimosscdn.lejiaolexue.com/shixun/25125ed360690c2370b69cdbab1ff0b3bd85f5e9.mp4,200
https://fileimosscdn.lejiaolexue.com/shixun/6aea793e55ec1ff923eb20f52669a50870578984.mp4,200
https://fileimosscdn.lejiaolexue.com/shixun/384ec70775306d734351291e245eb1a8c1705bbd.mp4,200
https://fileimosscdn.lejiaolexue.com/shixun/392fa91da0f27eb5e64c9531aeeda03966ef0b69.mp4,200
https://fileimosscdn.lejiaolexue.com/shixun/8977b1b14b2d941f62f2b9a6983fc374667366a8.mp4,200
https://fileimosscdn.lejiaolexue.com/shixun/355ddbe956e80f3bf4943d00b457b514de97de03.mp4,200
https://fileimosscdn.lejiaolexue.com/shixun/a9d5dc3b1198859d97d134988740568870884299.mp4,200
https://fileimosscdn.lejiaolexue.com/shixun/bd44d2051c3b16ce1ac32bf6c08592e35ed422cd.mp4,200
https://fileimosscdn.lejiaolexue.com/shixun/79cf9417590446c793d0548e623dbde42eaab885.mp4,200
https://fileimosscdn.lejiaolexue.com/shixun/348556684d14f8998db7da9566d8e260f55e6db5.mp4,200
https://fileimosscdn.lejiaolexue.com/shixun/a4ab333b4a02c41b5ecf67e764ccd18a5d0a0306.mp4,200
https://fileimosscdn.lejiaolexue.com/shixun/a760e36e6815c5e5817ed8769968459fe88ff062.mp4,200
https://fileimosscdn.lejiaolexue.com/shixun/f2d1d7e702229300d9c9dc37c64a79ef2f6e3f63.mp4,200
https://fileimosscdn.lejiaolexue.com/shixun/81f6f5bc767d6a46889527df023b965f77939af2.mp4,200
https://fileimosscdn.lejiaolexue.com/shixun/2bf62742553598e9eea152cfb9af701d9db508ca.mp4,200
https://fileimosscdn.lejiaolexue.com/shixun/ba2875b1b0704f68f0847743b73f1069bb882a96.mp4,200
https://fileimosscdn.lejiaolexue.com/shixun/2ec345f9d9f52ad112dd56939f93df1046126770.mp4,200
https://fileimosscdn.lejiaolexue.com/shixun/e7ff962108a864369f5379b147a1208f72585aa5.mp4,200
https://fileimosscdn.lejiaolexue.com/shixun/3d14f1bc74ca6fef91801c8941be7e2a5fdb4e4d.mp4,200
https://fileimosscdn.lejiaolexue.com/shixun/479f4112fe711ea740020862e98d4df94aa546af.MP4,200
https://fileimosscdn.lejiaolexue.com/shixun/1dfd643a384b34576d3635b388837a9887c0eaa0.mp4,200
https://fileimosscdn.lejiaolexue.com/shixun/87599ec470b5cf151d6a392d2f6c785044ce3efb.mp4,200
https://fileimosscdn.lejiaolexue.com/shixun/1dcc85037532e7c9e1b11b45e71a2a85067f4d1f.mp4,200
https://fileimosscdn.lejiaolexue.com/shixun/68d941a3ae51280ae42ccd8c9f57b2ea5c592373.mp4,200
https://fileimosscdn.lejiaolexue.com/shixun/330d9ff99c3b6714021e4e9713eb3f184410993a.mp4,200
https://fileimosscdn.lejiaolexue.com/shixun/d00fc765c0038403209bcab57c5dbfa4ba1626b2.mp4,200
https://fileimosscdn.lejiaolexue.com/shixun/a933b79a0af98ca4bf0ba1f82bdc5cfc46f16df8.mp4,200
https://fileimosscdn.lejiaolexue.com/shixun/9b3bc4fddc05a45fe59ce3c1f2187036f25a4df0.mp4,200
https://fileimosscdn.lejiaolexue.com/shixun/4bd169140ed039ef2dafff73f38b999e328ba3e0.mp4,200
https://fileimosscdn.lejiaolexue.com/shixun/091316a04bf2e213b13e325e9a0c8020f035eddc.mp4,200
https://fileimosscdn.lejiaolexue.com/shixun/aaf96f4829b0466afc94640a47e34008b3fcf286.mp4,200
https://fileimosscdn.lejiaolexue.com/shixun/301215885278b459f36b8cd85386a447f129ee42.mp4,200
https://fileimosscdn.lejiaolexue.com/shixun/4e0333d7f5304de22aa5bba3ed51ea5bcb822abf.mp4,200
https://fileimosscdn.lejiaolexue.com/shixun/99bfbc92125c86125a6513c3545b69bc12be095e.mp4,200
https://fileimosscdn.lejiaolexue.com/shixun/8be0aad85aa2bec18eb50d0d5d3ca84d10c79305.mp4,200
https://fileimosscdn.lejiaolexue.com/shixun/0a93e30844b77ee04bb60e93e624c639b69b0236.mp4,200
https://fileimosscdn.lejiaolexue.com/shixun/f892fd4341d8c48bd6d0397c1aa2a2e8a5bc021c.mp4,200
https://fileimosscdn.lejiaolexue.com/shixun/3c4b6607416072e6a267cdba8f690ffa4ae5531f.mp4,200
https://fileimosscdn.lejiaolexue.com/shixun/59e9e2e76bb18aaa95b5cf0d241533b0008e4a1b.mp4,200
https://fileimosscdn.lejiaolexue.com/shixun/6682176bda23c0fcfac3c77b2085a13ce25c6dfa.mp4,200
https://fileimosscdn.lejiaolexue.com/shixun/cd5220c33243177be30770d0f17964e652afabc5.mp4,200
https://fileimosscdn.lejiaolexue.com/shixun/f411fc21dce78970bb507275cc5528ded22c3489.mp4,200
https://fileimosscdn.lejiaolexue.com/shixun/7b34585af993c146491e585bd78bf51da238414f.mp4,200
https://fileimosscdn.lejiaolexue.com/shixun/5162c19100c7f4cba0488b54840c43c6b785f3ce.mp4,200
https://fileimosscdn.lejiaolexue.com/shixun/bfb324725c0dec30f93aa6cdbb788520fe5f2b95.mp4,200
https://fileimosscdn.lejiaolexue.com/shixun/8df8b94c15ab76e4dbeda5ba28d33a2180bf268c.mp4,200
https://fileimosscdn.lejiaolexue.com/shixun/adc1201cad5986340f4a436d76f55dbd3a2ce172.mp4,200
https://fileimosscdn.lejiaolexue.com/shixun/8fc5e8219c4ba9aba55f37f2c7651e34e2be9930.mp4,200
https://fileimosscdn.lejiaolexue.com/shixun/a34978529b65e0df5d0a263166ebcb2ad833fa86.mp4,200
https://fileimosscdn.lejiaolexue.com/shixun/eead154e6a4c9062b6f32f6f4607f8b128c0f195.mp4,200
https://fileimosscdn.lejiaolexue.com/shixun/9a2647079475860dce34735b0f26b486d798cddf.mp4,200
https://fileimosscdn.lejiaolexue.com/shixun/4bab012ab280ce0adf1e9de29f6fa72197d3a272.mp4,200
https://fileimosscdn.lejiaolexue.com/shixun/a6fe3a57515cb77b22514160deb4c26b0ba5d228.mp4,200
https://fileimosscdn.lejiaolexue.com/shixun/2e2770f20b805804a570db819fbd440d95c6da66.mp4,200
https://fileimosscdn.lejiaolexue.com/shixun/798c91c3dad48df2944cae7cf50cea2d63885b34.mp4,200
https://fileimosscdn.lejiaolexue.com/shixun/c2d49952c6bad6f6c59eb48571e8fa13638d6a2d.mp4,200
https://fileimosscdn.lejiaolexue.com/shixun/6d8b245f492c8a857c0e40a47077d30416668c8e.mp4,200
https://fileimosscdn.lejiaolexue.com/shixun/05b2225e927922f1963153d2a12f14c62e9ff23e.mp4,200
https://fileimosscdn.lejiaolexue.com/shixun/197cc26122a6abd2aa055f36db1ddbac40ba4a29.mp4,200
https://fileimosscdn.lejiaolexue.com/shixun/8ce03438bf8b07bf3a0ed3febd96994a4632e2b5.mp4,200
https://fileimosscdn.lejiaolexue.com/shixun/fde4eee0442cf7cacf557525ad931f6fd37af712.mp4,200
https://fileimosscdn.lejiaolexue.com/shixun/25b09a393774227826bf9b0f9cdc68bd0ab7e95a.mp4,200
https://fileimosscdn.lejiaolexue.com/shixun/f1f5fe3b4f9f794158aa853feac28d6afdaad7cb.mp4,200
https://fileimosscdn.lejiaolexue.com/shixun/b0f50e03836f4e04a7aba830b6cce330eb15ab86.mp4,200
https://fileimosscdn.lejiaolexue.com/shixun/73166bf671c88491896ed70161a5afc14bbd3c08.mp4,200
https://fileimosscdn.lejiaolexue.com/shixun/dcb1880027571dfc11404732156b231812e0ad0d.mp4,200
https://fileimosscdn.lejiaolexue.com/shixun/70179c95b328a585e2229c547a1e1c9a5f7f6156.mp4,200
https://fileimosscdn.lejiaolexue.com/shixun/013db3e14acb1733fef05f1cee4521065ec6d5f8.mp4,200
https://fileimosscdn.lejiaolexue.com/shixun/ed1003fd471668503a01f2e3def47da72d80a6fa.mp4,200
https://fileimosscdn.lejiaolexue.com/shixun/aff1830d014b7b3bb03730ab27bd4eec6a250f2a.mp4,200
https://fileimosscdn.lejiaolexue.com/shixun/360d79a8080013bb4f30207f2ffbdaaf271045c2.mp4,200
https://fileimosscdn.lejiaolexue.com/shixun/1e4f85b719749b85f41a765aeb62ff0485222925.mp4,200
https://fileimosscdn.lejiaolexue.com/shixun/17a006b51442b996132f35829e3bee8ea2c69faa.mp4,200
https://fileimosscdn.lejiaolexue.com/shixun/6d6ef8ae8e1fdffd88379dd727ee9fe6b4ead142.mp4,200
https://fileimosscdn.lejiaolexue.com/shixun/5162c19100c7f4cba0488b54840c43c6b785f3ce.mp4,200
https://fileimosscdn.lejiaolexue.com/shixun/21dd5bf974c707c554df071ed01a624be2aaea65.mp4,200
https://fileimosscdn.lejiaolexue.com/shixun/7d90cc38ff0bbf0821351170b6fd15f3dbbe040d.mp4,200
https://fileimosscdn.lejiaolexue.com/shixun/bfec547ceaf2c86dc7f301ecf8f9ffe4ded8c8a1.mp4,200
https://fileimosscdn.lejiaolexue.com/shixun/d1ae721e699d5f5f817749d53fd919ef1d639323.mp4,200
https://fileimosscdn.lejiaolexue.com/shixun/049943a5ef9ac156284d00668d6a6cf0b1af79f3.mp4,200
https://fileimosscdn.lejiaolexue.com/shixun/56b996c80531cf97aa7fefc0b94019c07a90da09.mp4,200
https://fileimosscdn.lejiaolexue.com/shixun/56b996c80531cf97aa7fefc0b94019c07a90da09.mp4,200
https://fileimosscdn.lejiaolexue.com/shixun/533252b55a252f91267680a751b27adb8fc8c2c7.mp4,200
https://fileimosscdn.lejiaolexue.com/shixun/003dbbc0ea8f3c7179f6f29fd4cf304739c882cf.mp4,200
https://fileimosscdn.lejiaolexue.com/shixun/42e243af880e686c838c08c030e0c4b714c23bf3.mp4,200
https://fileimosscdn.lejiaolexue.com/shixun/55bd8b98bcef91f5863a883279282f6e2cef4676.mp4,200
https://fileimosscdn.lejiaolexue.com/shixun/4f2ce603de458d5f75bf1fef03993b98301eb3db.mp4,200
https://fileimosscdn.lejiaolexue.com/shixun/3ca699a4cb2193dce320d87762933a9109d16c8e.mp4,200
https://fileimosscdn.lejiaolexue.com/shixun/9105fd83149f12002de849f302be969a1788922e.mp4,200
https://fileimosscdn.lejiaolexue.com/shixun/db701a73250255307c5d5bc98a0a204d335302c4.mp4,200
https://fileimosscdn.lejiaolexue.com/shixun/0d677cc36ecd01bd18e17aa813cedced628efa59.mp4,200
https://fileimosscdn.lejiaolexue.com/shixun/a343118bf3083b92686d5a100d3e84bea4db30bb.mp4,200
https://fileimosscdn.lejiaolexue.com/shixun/ed4026725d22686c7109eaebd97359faa51d503f.mp4,200
https://fileimosscdn.lejiaolexue.com/shixun/9e255c9787d04ce14d706b1adc14ee801829aeb7.mp4,200
https://fileimosscdn.lejiaolexue.com/shixun/62d28faf92cee373f6e9ef9244dd30fbd8107e09.mp4,200
https://fileimosscdn.lejiaolexue.com/shixun/0fe88d299e9a268ead816baa9a7ae6020389f740.mp4,200
https://fileimosscdn.lejiaolexue.com/shixun/dbd9a0a6461a2334bb5c2db693f45f77435c4c07.mp4,200
https://fileimosscdn.lejiaolexue.com/shixun/9ccc43b09799fa009bfba3bd3ee5d49e3a65a4a8.mp4,200
https://fileimosscdn.lejiaolexue.com/shixun/2c227bc1464fd01fc589460693db1ab1693805d2.mp4,200
https://fileimosscdn.lejiaolexue.com/shixun/b427f0ecb4f0df257bac46a1683487d9a21a6718.mp4,200
https://fileimosscdn.lejiaolexue.com/shixun/a5a0a069951e257655962275321bea592986b35e.mp4,200
https://fileimosscdn.lejiaolexue.com/shixun/be9c7b1ba04e67c5e28dec9339bf546736ceb3c9.mp4,200
https://fileimosscdn.lejiaolexue.com/shixun/8cde8c0ac0f8d1e7cdbad799e21a8774592ddac6.mp4,200
https://fileimosscdn.lejiaolexue.com/shixun/bbe44e8d693cd7429cbacdd8a7455c3a3c3f7043.mp4,200
https://fileimosscdn.lejiaolexue.com/shixun/ea3cfd42f9797762d31bb45550b93c31d37ada2b.mp4,200
https://fileimosscdn.lejiaolexue.com/shixun/c5ea1923dd18dfd9e17be9134fe668101c32476b.mp4,200
https://fileimosscdn.lejiaolexue.com/shixun/bd45126d98cc177086a358832eda3156fdaad501.mp4,200
https://fileimosscdn.lejiaolexue.com/shixun/2dbcf311bd2d55ad2ff3921ff827a0c60022f1b7.mp4,200
https://fileimosscdn.lejiaolexue.com/shixun/1782db06838483b03605856f5ce1e814de74bac6.mp4,200
https://fileimosscdn.lejiaolexue.com/shixun/c1203009228e8a8aeabc8da3de24e7837f83ffbc.mp4,200
https://fileimosscdn.lejiaolexue.com/shixun/ed86e6302afb701dd4ce4cc8c962aba6a8fd744a.mp4,200
https://fileimosscdn.lejiaolexue.com/shixun/7e64f98d4cdedc56ba6baeb7451d97378b98f72f.mp4,200
https://fileimosscdn.lejiaolexue.com/shixun/c0615084bb2f6c4f74ee25cd7124a1bce5920a69.mp4,200
https://fileimosscdn.lejiaolexue.com/shixun/b60e51abada3afe4c5ae5e91c5043075b7d0319c.mp4,200
https://fileimosscdn.lejiaolexue.com/shixun/442dde867821b564d5c4e4f791d631a50e506887.mp4,200
https://fileimosscdn.lejiaolexue.com/shixun/df7b80a60d66834bb993506836b82478073f6fc8.mp4,200
https://fileimosscdn.lejiaolexue.com/shixun/2c5291bcbd760bc8b81217621c92198cc215acd7.mp4,200
https://fileimosscdn.lejiaolexue.com/shixun/7f0a525ef189e9b43101491ab4b85178c8ed5a23.mp4,200
https://fileimosscdn.lejiaolexue.com/shixun/d33870aa2c1bca26ce237632e18f02ae1db6c505.mp4,200
https://fileimosscdn.lejiaolexue.com/shixun/f1997a1663ec5bcc0367abe078ab2a1e0f413c2f.mp4,200
https://fileimosscdn.lejiaolexue.com/shixun/cc769f8616c291c73c5ce62af255d397e73a85c9.mp4,200
https://fileimosscdn.lejiaolexue.com/shixun/04fb9505c724cd6beea5ccbbf3c579b6a79ee48b.mp4,200
https://fileimosscdn.lejiaolexue.com/shixun/c480b1f84a7ee3370e6f2619be99b01a93f439ad.mp4,200
https://fileimosscdn.lejiaolexue.com/shixun/18d6a8688846b012e8e26b9f7ae4c21a5cdd4887.mp4,200
https://fileimosscdn.lejiaolexue.com/shixun/aa5f266411a3781e8ca675c0486c3a4e52331135.MP4,200
https://fileimosscdn.lejiaolexue.com/shixun/64ebae8793e4287abe744e0e219cd86596e94958.mp4,200
https://fileimosscdn.lejiaolexue.com/shixun/f6b14ce801c0a5745fc039c7796996ec6872e8a7.mp4,200
https://fileimosscdn.lejiaolexue.com/shixun/d6b6add8c778867de7140409e13d7aaede3cdcca.mp4,200
https://fileimosscdn.lejiaolexue.com/shixun/6d68d6f107534a4b5d1dae3f4a67b26d5cf35616.mp4,200
https://fileimosscdn.lejiaolexue.com/shixun/7665ba4c9c0e0295e96a1f210f4c5841a11f2986.mp4,200
https://fileimosscdn.lejiaolexue.com/shixun/fed25def872f0ec34411abb2a164edeb86450430.mp4,200
https://fileimosscdn.lejiaolexue.com/shixun/9c8e12daff91cc7120ced14e872093555f0e1b1c.mp4,200
https://fileimosscdn.lejiaolexue.com/shixun/651d7e8740a57cbe411f16bbd2b6a4a44c374e07.mp4,200
https://fileimosscdn.lejiaolexue.com/shixun/2f35f4c67c742f80d4b1f99823b2646e8f1d83ca.mp4,200
https://fileimosscdn.lejiaolexue.com/shixun/58424fa8018eac7143d801b1db00af95dc1b654b.mp4,200
https://fileimosscdn.lejiaolexue.com/shixun/6ed3407d0b2bbb8a6ce673dc0226dce3598c0892.mp4,200
https://fileimosscdn.lejiaolexue.com/shixun/d53a141ffca465136117d119eb510382689372c1.mp4,200
https://fileimosscdn.lejiaolexue.com/shixun/d04162e40cf5658d93d20e3b090f024f91c70be9.mp4,200
https://fileimosscdn.lejiaolexue.com/shixun/b7f36f58fb6ca49312888cb47d2454db29d10e60.mp4,200
https://fileimosscdn.lejiaolexue.com/shixun/16096245809f27b943bba83c97531c2179f8596c.mp4,200
https://fileimosscdn.lejiaolexue.com/shixun/645daf6882b47f8f28522c735e7992084ceebd57.mp4,200
https://fileimosscdn.lejiaolexue.com/shixun/a2947d76dd5d124dcf11a9ee596aea3019d9be67.mp4,200
https://fileimosscdn.lejiaolexue.com/shixun/0ce3763e8526f85848d1dfd08e70178e4b0c07c7.mp4,200
https://fileimosscdn.lejiaolexue.com/shixun/fe9d8e1d7afa2659bb2df102450b431e2cfed555.mp4,200
https://fileimosscdn.lejiaolexue.com/shixun/8a9cd61db7b30b4d670f5a3ea876d57fd5b11ce4.mp4,200
https://fileimosscdn.lejiaolexue.com/shixun/500fba28fefb8ff5d2c8978ef9c7497156c4eafa.mp4,200
https://fileimosscdn.lejiaolexue.com/shixun/733796cf65bf5f0d0c1c7dde516819bfb6c54d00.mp4,200
https://fileimosscdn.lejiaolexue.com/shixun/99179e36b9261c33b04d58631d1f62018b86823b.mp4,200
https://fileimosscdn.lejiaolexue.com/shixun/405a67d113b3e4329bccc0194f88bef575d579c6.mp4,200
https://fileimosscdn.lejiaolexue.com/shixun/3b5c6675789229b811f92bc29d427499a3e2f017.mp4,200
https://fileimosscdn.lejiaolexue.com/shixun/d061b59cc08acb0e467d674bbdab81352e650583.mp4,200
https://fileimosscdn.lejiaolexue.com/shixun/ce9222fa931c8b6a6f1b86e7201ac268c7409b9c.mp4,200
https://fileimosscdn.lejiaolexue.com/shixun/9e9b403c823bb756901836eae22aee10209358da.mp4,200
https://fileimosscdn.lejiaolexue.com/shixun/39aabe22f157fbc5766adf4f4ffbb276c80946aa.mp4,200
https://fileimosscdn.lejiaolexue.com/shixun/588fe710ff7ac2e6b286fc01b9fcfb4986ba043b.mp4,200
https://fileimosscdn.lejiaolexue.com/shixun/114d57a7d2704f65e4ab705bd2a9e0a40be1a1d3.mp4,200
https://fileimosscdn.lejiaolexue.com/shixun/102181c4678d535cbf5e959848ff5aa9face687b.mp4,200
https://fileimosscdn.lejiaolexue.com/shixun/b1c88c70fc853a7cc4c89d905cd033fe0fce0833.mp4,200
https://fileimosscdn.lejiaolexue.com/shixun/a5c1f9ba83a597bdf6fd81a4ba8d6ecfa6e01647.mp4,200
https://fileimosscdn.lejiaolexue.com/shixun/963e51850914eb495deaedf70c9cff3a893eaace.mp4,200
https://fileimosscdn.lejiaolexue.com/shixun/6c7a516d1f2c167d18060341b4f9ff147b1d92fd.mp4,200
https://fileimosscdn.lejiaolexue.com/shixun/102addabfbbf5cb052f05b9ea1b1d7c557bfed43.mp4,200
https://fileimosscdn.lejiaolexue.com/shixun/60a3babb3c5e3c22479016c99119a4c081476640.mp4,200
https://fileimosscdn.lejiaolexue.com/shixun/d5fdebc975f5324b9234c6d9e8b399dcb5828542.mp4,200
https://fileimosscdn.lejiaolexue.com/shixun/4193e8f40f07f88ebe8b653517fe383f09ea09fc.mp4,200
https://fileimosscdn.lejiaolexue.com/shixun/a92c64286a33ef5d3f5812b97012be6f8da34740.mp4,200
https://fileimosscdn.lejiaolexue.com/shixun/c04d046076c0f1f3ba7c4dfcc60ae4cc1c6dad9d.mp4,200
https://fileimosscdn.lejiaolexue.com/shixun/baa18ce58f707391f30a4bfaa4859e7dbb9b04c6.mp4,200
https://fileimosscdn.lejiaolexue.com/shixun/f8e19db30a9257c7ab4e1e1ddaea55ece5a09ac6.mp4,200
https://fileimosscdn.lejiaolexue.com/shixun/bf8e795a182f937fab94cfc6df303954bf868b80.mp4,200
https://fileimosscdn.lejiaolexue.com/shixun/07b057ce0bee9ad51ba15ace9471ffeb091129dc.mp4,200
https://fileimosscdn.lejiaolexue.com/shixun/9b65d1be6d2684072f038075f1abb0ba62575b57.mp4,200
https://fileimosscdn.lejiaolexue.com/shixun/88e8e6cc28fb1db3707ab098f0071ef4fdc08713.mp4,200
https://fileimosscdn.lejiaolexue.com/shixun/81eaa132bc43681aff6872d33e66ebdab0fb17f6.mp4,200
https://fileimosscdn.lejiaolexue.com/shixun/59cdaf8f924ef98dd9a47a787ff8bea7c532375e.mp4,200
https://fileimosscdn.lejiaolexue.com/shixun/92294d3f9352a319019867252ae86c33de115593.mp4,200
https://fileimosscdn.lejiaolexue.com/shixun/f63f7bd61c81c601f724419b1258a0955f967c74.mp4,200
https://fileimosscdn.lejiaolexue.com/shixun/673bde931f7ddc32dcf11305f2b9ad4793c94bb4.mp4,200
https://fileimosscdn.lejiaolexue.com/shixun/720ed840f4637903beed442e778b8aaf8e1d199a.mp4,200
https://fileimosscdn.lejiaolexue.com/shixun/1e7e475b206a341a80007ba0f57245a09d811bba.MP4,200
https://fileimosscdn.lejiaolexue.com/shixun/fa9beae52a37e8f7f114659e8113ab1fcc5c5a44.mp4,200
https://fileimosscdn.lejiaolexue.com/shixun/18a9e4f829a7aa875e9c7e2fa1fb267df9397b59.mp4,200
https://fileimosscdn.lejiaolexue.com/shixun/b13cb0125d1512e38645a57d769aef617b73b58f.mp4,200
https://fileimosscdn.lejiaolexue.com/shixun/ded615ae800b0d3a0af9f991a21477caa1aa314b.mp4,200
https://fileimosscdn.lejiaolexue.com/shixun/b987823db510c5cfff719ea88a0a283288df6723.mp4,200
https://fileimosscdn.lejiaolexue.com/shixun/e87165688e991da753b7e7791d38d613c0fcfe2c.mp4,200
https://fileimosscdn.lejiaolexue.com/shixun/1745df32548ab1008a5bb118447d94c053dc75f4.MP4,200
https://fileimosscdn.lejiaolexue.com/shixun/9aa5d0c8a9d6659f3664ac3f3de57aae0bb49895.mp4,200
https://fileimosscdn.lejiaolexue.com/shixun/425bc71833ce8583b630a169356c8e8f2b4856f5.mp4,200
https://fileimosscdn.lejiaolexue.com/shixun/6e4b6bfe228ea913f14352462d80fcddb1e2a4ad.mp4,200
https://fileimosscdn.lejiaolexue.com/shixun/9eb4878b4d91d0f5cacb771bd5e07b0ed911434b.mp4,200
https://fileimosscdn.lejiaolexue.com/shixun/a7d162c7f098de9e4a859b65329b287457c526c7.mp4,200
https://fileimosscdn.lejiaolexue.com/shixun/bc3b804e19353294a30ed525594f6f11bb0b5652.mp4,200
https://fileimosscdn.lejiaolexue.com/shixun/46558641a645af5d2daf378e26556c35ae4ebdd3.mp4,200
https://fileimosscdn.lejiaolexue.com/shixun/6f385cc1d2646a8e1219967fd5af384b25e97616.mp4,200
https://fileimosscdn.lejiaolexue.com/shixun/cf723f0d834449ed213e448c7bbb23d2fd9115fb.mp4,200
https://fileimosscdn.lejiaolexue.com/shixun/895ab5343755cbaa74069c3c72b8f5b211c1b4e8.mp4,200
https://fileimosscdn.lejiaolexue.com/shixun/45dd472868ea654ecf9907e4baa1d80846eb3d32.mp4,200
https://fileimosscdn.lejiaolexue.com/shixun/2f7ba8ad4eb048dee00976c3b93dc0ede6569f72.mp4,200
https://fileimosscdn.lejiaolexue.com/shixun/76bd69d6f786a0c213152de68dbf3306cbdf38f8.mp4,200
https://fileimosscdn.lejiaolexue.com/shixun/c2c9d0951dca8d2a5e111660875208391d3a26f8.mp4,200
https://fileimosscdn.lejiaolexue.com/shixun/4b20401c1f4639a11eb618dc80a11a78f7a220f9.mp4,200
https://fileimosscdn.lejiaolexue.com/shixun/164b8eee6c2f24a6f8616b5a5cb71a15b935dc1a.mp4,200
https://fileimosscdn.lejiaolexue.com/shixun/eff04fa12b0daffb22fce01748ae289931ed7006.mp4,200
https://fileimosscdn.lejiaolexue.com/shixun/9a1ed5d2bd73398a7af9df878c4d588270247f7e.mp4,200
https://fileimosscdn.lejiaolexue.com/shixun/7ae62607157180f76aa7c42f52b9758e68f63829.mp4,200
https://fileimosscdn.lejiaolexue.com/shixun/f0f5e305174c3b383540d1df72b8e255d66aa518.mp4,200
https://fileimosscdn.lejiaolexue.com/shixun/0c92d5affdfc81d0401108f3eb13f46fe197bc74.mp4,200
https://fileimosscdn.lejiaolexue.com/shixun/74b85d4675d73cddfd9a9a1ea169aea0a1effabe.mp4,200
https://fileimosscdn.lejiaolexue.com/shixun/79dc1e36c85a5aa2c7038c66f8e776462bbe2995.mp4,200
https://fileimosscdn.lejiaolexue.com/shixun/b0ac920a17b662bce7a44d4b2e072ff8bef4e6b5.mp4,200
https://fileimosscdn.lejiaolexue.com/shixun/412c80abec36dffa4b7d5d6f110904d15c8e1a27.mp4,200
https://fileimosscdn.lejiaolexue.com/shixun/c0ad5f872871be75966885c4d605f10e880c3da2.mp4,200
https://fileimosscdn.lejiaolexue.com/shixun/8153424ec6e3248576b8f3d5e5941c7e2f0b4895.mp4,200
https://fileimosscdn.lejiaolexue.com/shixun/b91a50358cf0e73937b61d90493b7c14859cb9cd.mp4,200
https://fileimosscdn.lejiaolexue.com/shixun/db52938f6d024f5edf1dfc6ff00992240dee4214.mp4,200
https://fileimosscdn.lejiaolexue.com/shixun/5b33967b2b7014908b85aabe3e4da4de3c860452.mp4,200
https://fileimosscdn.lejiaolexue.com/shixun/292492e5f56938a7f44d7ad63f0d3ccfe1f0beef.mp4,200
https://fileimosscdn.lejiaolexue.com/shixun/3cbb3445982237f8897e9aa96f08e64e3ba66abd.mp4,200
https://fileimosscdn.lejiaolexue.com/shixun/51836987422766f8627f445564175153efb4ff02.mp4,200
https://fileimosscdn.lejiaolexue.com/shixun/e490818e68515d1b631512c3f1ef3c2fddc5bd68.mp4,200
https://fileimosscdn.lejiaolexue.com/shixun/b5e08997e0fbd3e8d7ce8bb5671b8ee37cd7e07c.mp4,200
https://fileimosscdn.lejiaolexue.com/shixun/8cbdb1fed312d5da8f4a78bcaeb48a28329e6cc5.mp4,200
https://fileimosscdn.lejiaolexue.com/shixun/a555a5963e09e6f25542aec9e0f41f063580e829.mp4,200
https://fileimosscdn.lejiaolexue.com/shixun/cf972cade08ceddcbf752e3be35a2421e5eeffce.mp4,200
https://fileimosscdn.lejiaolexue.com/shixun/e3f466e6a506a77f399a1cf6fca7433380d05a50.mp4,200
https://fileimosscdn.lejiaolexue.com/shixun/bb07a1fcec61e65a3ff535bf188c5c6e1faddbc8.mp4,200
https://fileimosscdn.lejiaolexue.com/shixun/e60be5869a69069609a5182d20d387482a62654b.mp4,200
https://fileimosscdn.lejiaolexue.com/shixun/44bbb5e45334477505338b560915a7b625aa10ca.mp4,200
https://fileimosscdn.lejiaolexue.com/shixun/0dd4034f90fbebe8255e151837c24102f51adbab.mp4,200
https://fileimosscdn.lejiaolexue.com/shixun/bf170f8d0d4a5c55e014a82a6c81522c5b17a675.mp4,200
https://fileimosscdn.lejiaolexue.com/shixun/0a0d3912096a1934f050143797375edba5f80917.mp4,200
https://fileimosscdn.lejiaolexue.com/shixun/213b38de01cccc957aa1ab8d88818d31dcc4bf24.mp4,200
https://fileimosscdn.lejiaolexue.com/shixun/a8a77b3cf304265e40081a45af022a410c8b06f8.mp4,200
https://fileimosscdn.lejiaolexue.com/shixun/504e3302e10d725683c74fdde47399281518e77b.mp4,200
https://fileimosscdn.lejiaolexue.com/shixun/e9afb4aa12396daecae3697b626a3e4e3aecc8f3.mp4,200
https://fileimosscdn.lejiaolexue.com/shixun/6d30eb5bd8d80abb357f1986b2f1e6553b538983.mp4,200
https://fileimosscdn.lejiaolexue.com/shixun/1e19694f4c3fbcb3c84a2688459c15ad4f55557d.mp4,200
https://fileimosscdn.lejiaolexue.com/shixun/7b66d96a9222faa8e9f4cdf9e2d49a500804cbe2.mp4,200
https://fileimosscdn.lejiaolexue.com/shixun/576b04b857566589fd2b88a62dac2b513f260c07.mp4,200
https://fileimosscdn.lejiaolexue.com/shixun/00207778315f28376f3f71bc54b2039c3608c69d.mp4,200
https://fileimosscdn.lejiaolexue.com/shixun/1fb0afb659336444a7f45591b4016bd5d1bdeec4.mp4,200
https://fileimosscdn.lejiaolexue.com/shixun/01fc0d68d815613d2b02e4cb31eed55422cf4966.mp4,200
https://fileimosscdn.lejiaolexue.com/shixun/dba8162b4ddacb2f51adfc8080abd2b61aae3405.mp4,200
https://fileimosscdn.lejiaolexue.com/shixun/f1f6cc9d5d1be7ac0ce122c340567aead3523c01.mp4,200
https://fileimosscdn.lejiaolexue.com/shixun/f83d5ca14cdf6433538ca644b8120929effbf954.mp4,200
https://fileimosscdn.lejiaolexue.com/shixun/062575c9217d88703786a97734718cac0e0a4896.mp4,200
https://fileimosscdn.lejiaolexue.com/shixun/b9e774cdc059fac465a17c293e7db0e80b0d0b06.mp4,200
https://fileimosscdn.lejiaolexue.com/shixun/047ec421c5d78a81d08660d7916487e414bec39f.mp4,200
https://fileimosscdn.lejiaolexue.com/shixun/da980d5f57d9f8fca001502b0861c80946f66c6f.mp4,200
https://fileimosscdn.lejiaolexue.com/shixun/ab431b1234d255286b28ae65efc0342ab0a3e2e4.mp4,200
https://fileimosscdn.lejiaolexue.com/shixun/24e308c12be576ab51ffb648a1105d183a2ad3c4.mp4,200
https://fileimosscdn.lejiaolexue.com/shixun/8c2cc0dc5f7cbbb1cd8af6da81fa68ed559281e0.mp4,200
https://fileimosscdn.lejiaolexue.com/shixun/f84329352f683bbd4ca35118c2b9d5e418ea40bd.mp4,200
https://fileimosscdn.lejiaolexue.com/shixun/c603273fea270e32c75dded18d5982ea4c6c784d.mp4,200
https://fileimosscdn.lejiaolexue.com/shixun/e231a5d05c405aff7bf255561024b91844729f48.mp4,200
https://fileimosscdn.lejiaolexue.com/shixun/43f548acb79be1bee4f95a8084126244dec7a131.mp4,200
https://fileimosscdn.lejiaolexue.com/shixun/c2ab31997ee7de9b54875cafb029176c83256c4c.mp4,200
https://fileimosscdn.lejiaolexue.com/shixun/bb8b19e197c7fb709de1e0d021ba04b7362ad7c8.mp4,200
https://fileimosscdn.lejiaolexue.com/shixun/e1c496ab27b656384881c44499d8b1e20141bd56.mp4,200
https://fileimosscdn.lejiaolexue.com/shixun/8c9ce8d7b076cd5385f191710cdfed3590a93d69.mp4,200
https://fileimosscdn.lejiaolexue.com/shixun/c8a42d55a534c9a033985492d46247f52b38a70a.mp4,200
https://fileimosscdn.lejiaolexue.com/shixun/c8a42d55a534c9a033985492d46247f52b38a70a.mp4,200
